date,adj_close,close,high,low,open,volume
2015-01-26,159.50,160.00,175.00,155.00,155.00,9531956
2015-01-27,163.50,163.50,164.50,159.00,160.00,3547331
2015-01-28,165.50,166.00,166.50,162.00,162.00,1870157
2015-01-29,165.50,166.00,166.50,163.00,166.00,1168044
2015-01-30,165.00,165.00,169.00,165.00,168.50,1465015
2015-02-02,158.50,158.50,165.50,156.50,165.00,1744030
2015-02-03,165.50,166.00,168.00,158.50,159.50,1927962
2015-02-04,168.50,168.50,171.50,164.00,168.50,2463808
2015-02-05,177.00,177.00,180.00,168.50,170.00,2540085
2015-02-06,176.50,176.50,180.00,175.00,177.00,1355791
2015-02-09,174.50,174.50,179.00,174.00,176.00,1046688
2015-02-10,170.50,171.00,176.50,171.00,175.00,836781
2015-02-11,173.00,173.00,175.00,171.50,173.00,618491
2015-02-12,171.00,171.00,174.00,170.50,174.00,463000
2015-02-13,170.00,170.00,172.50,168.50,171.00,824050
2015-02-24,172.50,173.00,175.00,171.00,174.50,545155
2015-02-25,179.50,180.00,180.50,172.00,173.50,1063470
2015-02-26,181.50,182.00,185.00,179.00,180.00,1185185
2015-03-02,179.50,179.50,184.00,179.00,184.00,570190
2015-03-03,179.50,179.50,183.00,177.00,179.50,733022
2015-03-04,179.50,179.50,181.00,178.00,178.00,297210
2015-03-05,186.50,187.00,187.00,178.00,179.00,846299
2015-03-06,183.00,183.00,186.00,183.00,186.00,513045
2015-03-09,183.50,183.50,188.00,182.50,183.00,769248
2015-03-10,181.00,181.00,185.00,180.00,183.50,600420
2015-03-11,180.00,180.00,181.00,177.50,180.00,474265
2015-03-12,177.50,177.50,182.50,176.00,178.00,612686
2015-03-13,177.50,177.50,180.50,176.00,178.50,466575
2015-03-16,178.00,178.00,179.50,174.00,178.00,553500
2015-03-17,179.50,180.00,184.00,178.00,178.00,802035
2015-03-18,179.00,179.00,181.50,178.00,180.00,320200
2015-03-19,181.50,181.50,183.00,179.50,182.50,466128
2015-03-20,180.00,180.00,183.00,179.00,181.50,456285
2015-03-23,176.00,176.00,180.00,176.00,180.00,519014
2015-03-24,175.50,175.50,178.50,175.00,175.00,339150
2015-03-25,169.50,169.50,176.50,169.00,176.50,659250
2015-03-26,171.50,172.00,172.50,166.50,167.00,347290
2015-03-27,173.50,174.00,176.00,172.00,176.00,423203
2015-03-30,170.00,170.00,175.50,168.00,174.50,337200
2015-03-31,172.00,172.00,173.00,171.00,171.50,172210
2015-04-01,170.00,171.00,172.00,169.50,172.00,185110
2015-04-02,173.00,173.50,174.00,170.00,173.00,234374
2015-04-07,174.50,175.00,175.00,172.50,174.00,199241
2015-04-08,174.00,174.00,176.50,172.50,176.00,356050
2015-04-09,170.50,170.50,176.00,170.50,174.00,489350
2015-04-10,170.00,170.00,173.00,169.00,172.00,261190
2015-04-13,172.50,173.00,173.00,170.50,170.50,216180
2015-04-14,173.50,173.50,174.00,171.00,174.00,242040
2015-04-15,172.00,172.00,174.50,170.00,174.00,292030
2015-04-16,172.00,172.00,172.50,170.50,172.00,141200
2015-04-17,177.00,177.00,181.00,172.00,172.00,917830
2015-04-20,173.00,173.00,176.00,172.50,174.50,454540
2015-04-21,170.00,170.00,175.00,169.50,173.50,393502
2015-04-22,169.50,170.00,172.00,166.00,170.00,654300
2015-04-23,173.00,173.00,174.00,170.50,171.00,597441
2015-04-24,171.00,171.00,175.00,170.50,174.50,805614
2015-04-27,162.00,162.00,166.00,159.50,159.50,1583282
2015-04-28,161.00,161.00,164.00,160.00,162.00,757761
2015-04-29,160.00,160.50,161.50,159.50,161.50,559450
2015-04-30,161.00,161.50,162.50,160.50,161.50,314400
2015-05-04,162.50,162.50,163.00,162.00,162.00,245540
2015-05-05,165.00,165.00,166.00,163.00,163.00,408200
2015-05-06,165.00,165.00,166.50,163.50,164.50,279550
2015-05-07,164.00,164.00,166.00,162.50,165.00,355300
2015-05-08,163.00,163.50,166.00,162.50,166.00,393900
2015-05-11,161.00,161.00,164.50,159.50,164.50,440732
2015-05-12,161.00,161.00,163.00,160.00,161.00,234256
2015-05-13,165.00,165.50,165.50,161.00,163.00,385411
2015-05-14,163.50,163.50,165.50,163.00,165.00,172845
2015-05-15,159.50,160.00,163.50,159.00,163.50,559750
2015-05-18,161.00,162.00,162.00,159.00,160.00,225460
2015-05-19,166.00,166.50,167.50,165.00,165.00,875454
2015-05-20,166.50,166.50,168.00,164.50,165.00,513238
2015-05-21,165.00,165.00,167.00,164.50,166.00,203640
2015-05-22,162.50,163.00,166.50,162.50,166.00,480453
2015-05-25,163.00,163.00,164.00,162.00,163.00,213350
2015-05-26,166.00,166.00,168.00,163.50,164.50,559180
2015-05-27,164.50,164.50,166.00,164.00,165.00,278110
2015-05-28,176.00,176.00,176.00,165.00,166.00,2157512
2015-05-29,179.50,179.50,184.00,178.50,178.50,1775905
2015-06-01,177.50,177.50,180.00,172.00,176.50,716955
2015-06-02,178.00,178.00,181.50,176.50,176.50,752800
2015-06-03,176.00,176.00,181.00,174.50,180.00,544760
2015-06-04,168.50,168.50,176.00,166.00,176.00,791715
2015-06-05,167.00,167.00,170.50,165.00,166.00,420900
2015-06-08,165.50,165.50,167.50,163.50,167.00,490300
2015-06-09,156.00,165.00,165.50,151.50,164.00,1028634
2015-06-10,161.00,161.50,162.00,157.00,157.00,526115
2015-06-11,160.00,160.50,163.00,158.00,163.00,287410
2015-06-12,158.00,158.00,162.00,158.00,160.50,173467
2015-06-15,158.00,158.50,159.50,157.00,158.50,171100
2015-06-16,157.00,158.00,158.00,155.00,158.00,329400
2015-06-17,156.50,157.00,158.00,155.50,158.00,243220
2015-06-18,159.00,160.00,160.00,156.00,158.00,238500
2015-06-22,158.00,158.50,161.00,158.00,161.00,225723
2015-06-23,164.50,164.50,166.50,160.00,161.00,592845
2015-06-24,173.00,173.00,176.50,167.00,168.00,1197507
2015-06-25,176.50,177.00,181.00,172.50,173.50,1177612
2015-06-26,177.00,177.00,180.00,175.00,177.00,966450
2015-06-29,170.00,171.50,174.00,167.00,173.00,635930
2015-06-30,172.50,173.00,173.00,168.50,170.00,447095
2015-07-01,176.00,176.00,179.00,171.50,173.00,778650
2015-07-02,176.00,176.00,179.50,175.50,178.00,596130
2015-07-03,175.00,175.00,177.50,173.00,176.50,490570
2015-07-06,173.00,174.00,176.00,172.00,173.00,353482
2015-07-07,175.00,175.00,178.00,172.50,175.50,449230
2015-07-08,169.00,169.00,174.50,166.00,174.50,737282
2015-07-09,167.00,168.00,168.00,155.50,163.00,1292165
2015-07-13,162.00,162.00,165.50,161.50,164.00,619610
2015-07-14,162.00,162.00,164.50,162.00,162.00,307218
2015-07-15,159.00,160.00,164.50,158.50,163.00,395910
2015-07-16,160.00,160.00,163.00,159.50,161.00,278040
2015-07-17,160.00,160.00,161.00,159.50,161.00,149530
2015-07-20,157.00,157.00,162.00,156.50,162.00,237700
2015-07-21,161.00,161.00,162.00,156.00,158.00,374010
2015-07-22,159.50,160.00,164.00,158.00,159.00,425880
2015-07-23,161.00,161.00,163.00,158.00,160.00,322107
2015-07-24,155.50,155.50,163.00,155.00,161.00,415320
2015-07-27,NULL,140.00,155.00,140.00,155.00,831500
2015-07-28,131.50,132.00,138.00,126.00,136.00,1263262
2015-07-29,121.00,121.00,132.00,119.00,130.50,1421532
2015-07-30,123.00,124.00,127.00,120.50,121.50,899010
2015-07-31,118.00,119.00,127.50,113.50,126.50,983150
2015-08-03,115.00,115.50,121.00,113.50,121.00,571210
2015-08-04,113.50,114.50,118.50,111.00,116.00,438390
2015-08-05,114.50,114.50,117.50,113.50,115.50,269330
2015-08-06,108.00,109.00,116.00,107.50,115.50,500525
2015-08-07,106.50,107.00,110.00,105.50,109.00,425120
2015-08-10,115.00,115.00,117.00,105.00,105.50,678256
2015-08-11,107.00,107.00,114.50,107.00,112.50,688166
2015-08-12,109.50,109.50,110.50,105.50,106.00,345205
2015-08-13,109.50,110.00,111.50,108.00,110.00,220194
2015-08-14,113.00,113.00,115.50,110.00,111.00,360130
2015-08-17,109.00,109.00,114.50,109.00,112.50,176035
2015-08-18,108.50,108.50,111.50,108.50,110.00,135000
2015-08-19,103.50,103.50,109.00,103.00,109.00,423030
2015-08-20,100.5,101,105.5,100.5,101.5,292100
2015-08-21,91.5,91.5,99.3,91.3,99.1,568287
2015-08-24,82.40,82.40,86.00,82.40,84.00,567607
2015-08-25,87.50,87.50,88.00,78.60,80.00,437731
2015-08-26,86.70,86.80,87.30,83.30,86.00,310000
2015-08-27,91.10,91.10,92.70,89.00,89.70,442069
2015-08-28,93.20,93.50,95.90,93.00,93.00,408000
2015-08-31,102.50,102.50,102.50,95.80,96.00,573085
2015-09-01,102.00,102.00,110.50,102.00,109.50,1334055
2015-09-02,104.00,104.00,105.00,98.20,100.00,617200
2015-09-03,110.50,111.00,112.00,103.00,104.00,961290
2015-09-04,105.00,105.00,112.50,105.00,111.00,659950
2015-09-07,99.60,99.60,103.00,99.50,102.00,642308
2015-09-08,100.00,100.00,103.00,99.30,99.30,596001
2015-09-09,105.00,105.00,107.00,102.00,102.00,773235
2015-09-10,112.50,112.50,115.00,103.50,104.00,1169098
2015-09-11,112.00,112.50,115.50,111.00,113.00,678318
2015-09-14,108.50,109.00,114.00,108.50,112.50,628500
2015-09-15,105.00,105.00,110.50,105.00,110.00,472208
2015-09-16,115.50,115.50,115.50,106.50,108.00,1681543
2015-09-17,126.00,126.50,127.00,120.00,120.00,2407987
2015-09-18,125.50,125.50,132.00,124.00,126.50,1531201
2015-09-21,120.50,120.50,123.50,119.00,122.50,989001
2015-09-22,122.00,122.00,122.50,118.00,122.00,775037
2015-09-23,117.50,118.00,122.00,117.00,122.00,538200
2015-09-24,111.00,111.50,119.50,108.50,119.50,625200
2015-09-25,113.00,113.00,115.00,109.50,111.50,380040
2015-09-30,111.00,111.00,114.00,110.00,111.00,292000
2015-10-01,114,114.5,116.5,113.5,114,439100
2015-10-02,112,112.5,114.5,112,114.5,298000
2015-10-05,112.5,112.5,115.5,112.5,113.5,296140
2015-10-06,114.5,114.5,119.5,114,114.5,791007
2015-10-07,119.5,119.5,119.5,113,114.5,579200
2015-10-08,115.5,116,121.5,113,121,770000
2015-10-12,114,114,117.5,113.5,117,320103
2015-10-13,113.5,113.5,115,112.5,114.5,135105
2015-10-14,115,115,117,114.5,115,321180
2015-10-15,111,111.5,118,107,118,815050
2015-10-16,109,109.5,112.5,106,111.5,718030
2015-10-19,105.5,105.5,110,104,109.5,402150
2015-10-20,105.5,105.5,107,104,106.5,236030
2015-10-21,105.5,105.5,106.5,105.5,106.5,151048
2015-10-22,105,105,106.5,105,106.5,122016
2015-10-23,107,107,110,106.5,107,477030
2015-10-26,108.5,109,109,107,108.5,293425
2015-10-27,106,106,109,106,109,236020
2015-10-28,106.00,106.00,107.50,105.00,106.50,161271
2015-10-29,105.00,105.50,107.50,104.00,107.50,198101
2015-10-30,104.50,105.00,105.50,103.00,105.00,394008
2015-11-02,105.00,105.00,105.50,104.00,104.00,140100
2015-11-03,115.50,115.50,115.50,106.00,106.00,1512155
2015-11-04,117,117.5,118,114,117.5,1390255
2015-11-05,124,124,128,115.5,118,2268148
2015-11-06,121.5,121.5,127,121.5,123.5,886291
2015-11-09,124.5,125,131,123,123,1877261
2015-11-10,125,125.5,126,123.5,126,621171
2015-11-11,120.5,120.5,127,119.5,127,702250
2015-11-12,118,118.5,124,115.5,121.5,604259
2015-11-13,116,116,120,115.5,116,347100
2015-11-16,119,119,119,113,114,440020
2015-11-17,121,121.5,123.5,121,121,500730
2015-11-18,117.5,117.5,121.5,117.5,121.5,306020
2015-11-19,129,129,129,119,119,1870125
2015-11-20,132.5,133,137,132,135,2606805
2015-11-23,132,132,136,131,133.5,734150
2015-11-24,126,126,132,126,131,789045
2015-11-25,131.5,131.5,132,126,127,997110
2015-11-26,127,127,135,127,134,1391060
2015-11-27,127,127.5,130,126,129,434300
2015-11-30,136,136,138.5,127.5,129.5,2173445
2015-12-01,141,141,141,132.5,135,1860660
2015-12-02,146,146,153.5,143,151,3814424
2015-12-03,147,147.5,150,143,144,1154514
2015-12-04,150,150,151.5,143.5,144.5,1452200
2015-12-07,153.5,153.5,161.5,149,153,2769614
2015-12-08,153.5,153.5,158,152.5,154.5,1957705
2015-12-09,144,144,156,143.5,154.5,1851100
2015-12-10,146,146,147,140.5,143.5,1075005
2015-12-11,133,133.5,146,132.5,146,1232308
2015-12-14,132.5,132.5,135.5,128,129,694852
2015-12-15,134,134,138.5,133.5,135.5,567040
2015-12-16,129.5,129.5,136,129,136,811537
2015-12-17,137.5,138,138.5,130.5,130.5,1442360
2015-12-18,133,133.5,137,133.5,137,832560
2015-12-21,133,133,135,130,131,382000
2015-12-22,130,130.5,136,130,135,624080
2015-12-23,126,126,132,123,132,920237
2015-12-24,125.5,125.5,130,125.5,129,866154
2015-12-25,127,127.5,128,125,126.5,350000
2015-12-28,126,126,129,126,128.5,168468
2015-12-29,125.5,125.5,128.5,124.5,126,250000
2015-12-30,123.5,123.5,127,123.5,126.5,201000
2015-12-31,123.5,123.5,125.5,123.5,124,153100
2016-01-04,111.5,111.5,123.5,111.5,123.5,1301035
2016-01-05,111,111,114,110.5,111.5,741026
2016-01-06,104,104,112,102,111.5,1515200
2016-01-07,101.5,102,107,101,103,811700
2016-01-08,106,106.5,106.5,102.5,102.5,539081
2016-01-11,101,101,104,101,103.5,444575
2016-01-12,96.2,96.2,105,96.2,102,538220
2016-01-13,97.5,97.5,99.5,96.6,97.5,519000
2016-01-14,94.1,94.1,95.5,93,94.2,504705
2016-01-15,92.7,92.8,97.6,92.7,96.3,554200
2016-01-18,97.6,97.8,97.8,90,90,550150
2016-01-19,104,104.5,106,97,98.8,1086165
2016-01-20,98.3,98.3,106.5,98,104,848000
2016-01-21,98.4,98.4,101.5,98.3,99.5,444001
2016-01-22,99.7,99.7,103,99.5,102,453050
2016-01-25,102,102.5,103.5,101,102,485300
2016-01-26,100.5,100.5,102,100,101.5,175079
2016-01-27,99.1,99.1,102.5,99,102.5,309300
2016-01-28,99.8,99.8,101.5,97.8,98,290000
2016-01-29,103.5,104,106,100.5,101,937145
2016-01-30,105.5,106,107,104,105,642100
2016-02-01,103.5,103.5,107,103,107,432100
2016-02-02,102.5,102.5,104,102,103.5,236230
2016-02-03,100,100,101.5,100,101.5,301140
2016-02-15,91.8,91.8,94.5,91,94.5,866422
2016-02-16,93.3,93.4,94.6,92.2,92.2,403500
2016-02-17,96.6,96.7,100.5,93.6,94.2,642002
2016-02-18,99.8,100,102,97.2,97.2,649262
2016-02-19,100.5,100.5,103.5,99.9,100,332100
2016-02-22,101.5,101.5,104.5,100,100,703100
2016-02-23,101.5,101.5,104,101.5,103.5,371150
2016-02-24,99.3,99.3,101,98.7,99.5,273510
2016-02-25,103.5,103.5,106,100,100,1097162
2016-02-26,101,101.5,103.5,100.5,103.5,527118
2016-03-01,104.5,104.5,105.5,102,102,642110
2016-03-02,106,106,110,105.5,106.5,1238190
2016-03-03,104.5,105,109,105,106,773400
2016-03-04,108.5,109,109.5,106,106,678500
2016-03-07,107,107,112,107,110,800250
2016-03-08,107,107.5,108,105,108,424250
2016-03-09,105,105,108,104.5,106.5,420200
2016-03-10,104.5,105,107,105,105,294059
2016-03-11,105.5,105.5,107.5,105,106.5,444100
2016-03-14,106,106,107,105.5,107,296474
2016-03-15,106.5,106.5,112,106,107,1338620
2016-03-16,108.5,109,111,107,107,761764
2016-03-17,110,110,114,109.5,110,1363217
2016-03-18,107,107,111,107,110.5,702029
2016-03-21,108,108.5,109,105.5,107.5,332322
2016-03-22,104.5,104.5,108.5,103.5,108.5,590012
2016-03-23,104.5,104.5,108,103.5,104.5,445000
2016-03-24,103,103,105.5,103,104.5,349100
2016-03-25,102.5,102.5,105,102.5,104,285050
2016-03-28,103.5,103.5,106,103,104,348000
2016-03-29,102,102,105,101.5,103.5,323000
2016-03-30,105,105.5,105.5,103.5,104,333060
2016-03-31,104,104,107,104,107,277000
2016-04-01,103.5,104,104.5,103,104,137000
2016-04-06,101,101,102.5,100,102.5,295000
2016-04-07,99.3,99.3,102,98.2,102,248400
2016-04-08,100,100,101,98.1,98.1,185250
2016-04-11,97.4,97.4,99.2,97.3,99.2,286350
2016-04-12,94.5,94.5,98.2,94,97.2,264000
2016-04-13,95.3,95.8,95.8,93.7,95.8,246000
2016-04-14,95.7,95.7,96.8,95.5,96,142000
2016-04-15,94,94,95.7,93.4,95.7,186000
2016-04-18,92.5,92.5,94.8,92,94.8,174011
2016-04-19,93.1,93.1,93.9,92.8,93,146000
2016-04-20,93.1,93.2,94,92.1,94,176900
2016-04-21,92,92,93.2,92,93.2,205000
2016-04-22,88.6,88.6,92.2,87,92.1,476000
2016-04-25,89,89,89.9,87.7,88.4,145000
2016-04-26,93.2,93.4,93.5,89,90.4,342200
2016-04-27,91,91,93.9,91,92.5,354015
2016-04-28,89.6,89.6,91,89.3,89.8,132265
2016-04-29,87.9,88,89.1,87.4,88.5,125251
2016-05-03,87.8,87.8,88.8,87.1,87.1,81700
2016-05-04,86.2,86.2,89,85.6,87.5,117000
2016-05-05,85.1,85.1,86.8,83,85.7,251000
2016-05-06,83.9,83.9,85.3,83.2,85.2,137001
2016-05-09,81.1,81.1,84.7,81.1,84.5,183051
2016-05-10,82.2,82.5,83.5,80.3,80.3,151000
2016-05-11,85.5,85.7,86.6,84.5,85.8,419300
2016-05-12,83,83,86.9,82.8,86,186601
2016-05-13,83.4,83.5,84.6,82.6,83.2,134000
2016-05-16,85,85,86.2,82.5,83.5,110230
2016-05-17,86.5,86.6,87.8,85.2,86.4,257054
2016-05-18,85.3,85.3,86.3,85,85.8,119050
2016-05-19,84.4,84.4,86.8,84.4,86.8,85000
2016-05-20,84.1,84.1,85.7,83.8,84.7,94000
2016-05-23,87.5,87.5,88.9,84.4,84.5,279000
2016-05-24,87.8,87.8,88.6,86.5,86.5,140000
2016-05-25,91.3,91.4,93.3,88.5,89,464067
2016-05-26,89.8,89.9,92.8,89.3,91.4,378050
2016-05-27,89.8,89.8,90.4,88.6,89.5,220003
2016-05-30,90.5,90.7,91.4,90.1,90.5,329003
2016-05-31,90.4,90.4,91,89.8,90.7,181100
2016-06-01,91.1,91.2,91.6,90.7,90.9,170000
2016-06-02,91.4,91.4,93.5,91.1,91.8,288010
2016-06-03,90.1,90.1,92.5,89.9,91.5,152000
2016-06-04,89.6,89.7,90.5,89.3,90.3,88000
2016-06-06,90.3,90.4,91.5,89.7,91.5,98000
2016-06-07,90.2,90.3,91.4,90.1,91.4,153006
2016-06-08,91.2,91.2,91.9,90.2,90.5,239015
2016-06-13,90,90.1,92.5,89.5,92.5,203055
2016-06-14,90.7,90.7,91.3,89.8,90,101000
2016-06-15,90.5,90.5,91.7,89.7,91.7,189000
2016-06-16,90,90.6,90.7,89.6,90.7,177000
2016-06-17,90.2,90.2,92,89.9,90.6,224000
2016-06-20,92.7,92.8,92.8,91,91,303500
2016-06-21,96.8,96.8,96.9,93.1,93.1,655270
2016-06-22,96.3,96.3,97.7,96.1,97.6,258204
2016-06-23,95,95,96.8,94.5,96.5,283300
2016-06-24,92.1,92.2,95.2,91,95,362550
2016-06-27,95.9,96,96,92.2,92.2,614051
2016-06-28,89.6,89.6,90.5,88.3,90.4,447275
2016-06-29,89,89.1,90.4,88.8,90,325000
2016-06-30,88.4,88.4,90.5,88.3,90.5,238250
2016-07-01,88.2,88.2,89.4,87.9,88.4,160000
2016-07-04,89.8,89.8,90.5,88.2,88.3,249100
2016-07-05,88.8,88.8,89.9,88.8,89.8,152021
2016-07-06,86.8,86.9,88.9,86.9,88.4,200328
2016-07-07,86.8,86.8,87.9,86.5,86.5,106000
2016-07-11,88.8,89,89.4,87.9,87.9,235000
2016-07-12,89.1,89.1,90.1,89,89.5,146200
2016-07-13,88.9,89.5,90,88.9,89.5,194035
2016-07-14,92,92.1,92.7,89.3,89.5,342040
2016-07-15,93.6,93.6,94.8,92.5,92.5,427219
2016-07-18,94.8,94.9,95.2,93.8,94.8,340051
2016-07-19,94.6,94.7,95.5,93.5,95.2,254040
2016-07-20,94.4,94.7,95.2,93.7,94.7,266206
2016-07-21,97.1,97.3,99.2,95,95.3,1198275
2016-07-22,98,98,99.5,97.2,97.5,567150
2016-07-25,95.7,95.7,99.7,95.7,99.7,401161
2016-07-26,97.7,97.7,98.2,96.2,96.5,356011
2016-07-27,99.4,99.5,102.5,98.3,99,913000
2016-07-28,98.1,98.1,102.5,98,99.5,423215
2016-07-29,97.9,97.9,99.5,97.8,99.4,263500
2016-08-01,99.9,100,100.5,99.3,99.5,348173
2016-08-02,99.3,99.4,101,98.8,101,230327
2016-08-03,98.5,98.6,100,98,98,223000
2016-08-04,103.5,103.5,105,99.5,99.9,1104481
2016-08-05,107,107.5,108.5,106,106,1653990
2016-08-08,118,118,118,107.5,108,3299230
2016-08-09,119,119,122,115.5,120,2137474
2016-08-10,130.5,130.5,130.5,119,119,3074274
2016-08-11,135,135.5,137.5,128,132.5,4127495
2016-08-12,135,135,141.5,135,138.5,2838205
2016-08-15,137,137.5,138,132,137.5,1702700
2016-08-16,151,151,151,139,140,4025528
2016-08-17,151.50,151.50,157.00,149.00,152.00,3231539
2016-08-18,158,158.5,162,150.5,151.5,3221431
2016-08-19,156.5,156.5,162,153,161,2744528
2016-08-22,151,151.5,159.5,150.5,157,2126173
2016-08-23,157.5,158,158,149.5,153.5,2482750
2016-08-24,150,150,155,148,155,4363553
2016-08-25,149.5,150,152,148,148,1570961
2016-08-26,153,153,157.5,152,152.5,2756678
2016-08-29,152,152,154.5,150.5,154,1022150
2016-08-30,153,153,157.5,153,153.5,1478235
2016-08-31,155.5,156,156,153.5,154,1004900
2016-09-01,151.5,151.5,157,151.5,157,1162375
2016-09-02,143,143,150.5,142.5,150,2048099
2016-09-05,146,146.5,147.5,140.5,144,1135120
2016-09-06,161,161,161,145,146.5,4056937
2016-09-07,160.5,161,167,158,165,4256722
2016-09-08,162,162.5,162.5,159,161.5,1127300
2016-09-09,168,168,173.5,162,163.5,5138387
2016-09-10,164,164,166.5,161,162,1456300
2016-09-12,156,156,165.5,154.5,165.5,3068209
2016-09-13,152.5,153,158.5,151,158,1698225
2016-09-14,156.5,157,157,151.5,152,1327306
2016-09-19,159,159,162.5,155.5,161,1727210
2016-09-20,155,155,158,154,157,1070500
2016-09-21,153,153.5,157.5,153,154.5,872140
2016-09-22,148.5,149,155,146.5,154,2169335
2016-09-23,150,150.5,151.5,148.5,150,860175
2016-09-26,136.5,137,146,135.5,143.5,4676623
2016-09-29,137,137.5,138.5,134.5,138,1509687
2016-09-30,139,139,141.5,136,137,1744285
2016-10-03,132.5,132.5,140,130,139.5,2666720
2016-10-04,133.5,133.5,137,131,133.5,2505610
2016-10-05,132,132,136,132,134,1229000
2016-10-06,122.5,123,132.5,119.5,132.5,5866900
2016-10-07,124,124.5,126,122.5,125.5,2464558
2016-10-11,NULL,112.5,121.5,112.5,121,3343512
2016-10-12,112.5,113,114,109,110,2714580
2016-10-13,117,117,119.5,114,114.5,3227172
2016-10-14,111,111,117.5,111,116,2428641
2016-10-17,113.5,114,114,105.5,111,2322635
2016-10-18,113,113,116,112.5,114,1504250
2016-10-19,112.5,112.5,116.5,112.5,114.5,1938500
2016-10-20,117,117,117.5,112,113.5,1859400
2016-10-21,114,114,117.5,114,116,1284590
2016-10-24,116.5,117,118,113,114,955680
2016-10-25,115,115.5,117.5,115,117.5,944199
2016-10-26,115.5,115.5,118.5,114,115,1462400
2016-10-27,116,116.5,116.5,115,116,634275
2016-10-28,112,112,116,112,115.5,980005
2016-10-31,111.5,111.5,112.5,107,112,984000
2016-11-01,112,112,113.5,110.5,112,686150
2016-11-02,108,108.5,113,108.5,112,740600
2016-11-03,104.5,104.5,109,102.5,108.5,1506330
2016-11-04,106,106.5,106.5,103,104.5,882520
2016-11-07,108,108.5,111,106,106.5,898582
2016-11-08,NULL,97.7,101,97.7,100.5,1824591
2016-11-09,89.6,89.6,96.4,89,93.5,3142105
2016-11-10,94.8,94.8,95.8,92.1,93.8,1671900
2016-11-11,95.8,95.8,97,90.5,93.5,1580450
2016-11-14,96.2,96.2,98.5,94.3,97,1010000
2016-11-15,93.7,93.8,96.1,93.8,95.8,805888
2016-11-16,95.3,95.3,97.5,94.3,94.3,927700
2016-11-17,94.3,94.3,94.5,92.8,94.5,857331
2016-11-18,95,95,95.5,93,93,742200
2016-11-21,93.4,93.4,95.9,93.2,94.1,774050
2016-11-22,102.5,102.5,102.5,94.5,94.5,3051358
2016-11-23,99.5,99.5,105,99.5,104,3258829
2016-11-24,97.4,97.4,100,97.2,100,1006010
2016-11-25,98,98,100.5,97.1,97.5,1560369
2016-11-28,94,94,98.4,93.6,97.8,2020100
2016-11-29,95,95.1,96.7,94.1,94.5,870388
2016-11-30,94.9,95,97.6,94.6,95.8,1214070
2016-12-01,94.7,94.8,95.8,93,95.5,837216
2016-12-02,93.8,93.8,95.1,93.5,93.5,671225
2016-12-05,95.8,95.8,97.2,94,94.7,1211067
2016-12-06,95.8,95.8,97.2,95.3,97.2,741005
2016-12-07,105,105,105,96.2,96.2,5676839
2016-12-08,101.5,101.5,106.5,101.5,106.5,3953572
2016-12-09,100,100,103.5,99.8,102,1910645
2016-12-12,96.8,96.8,98.7,96.8,98.1,2148368
2016-12-13,98.5,98.5,99.8,96.8,96.8,1530300
2016-12-14,99.6,99.6,103,99.6,99.9,1385200
2016-12-15,99.9,99.9,101,99.3,99.6,648220
2016-12-16,102.5,102.5,104,100.5,102,2355301
2016-12-19,100,100,103.5,100,103,759330
2016-12-20,101,101,103,100.5,101.5,1105200
2016-12-21,100,100,103.5,99.7,102,1054100
2016-12-22,98.4,98.4,100.5,98.4,100,643010
2016-12-23,98.6,98.6,99.7,98.4,98.4,338700
2016-12-26,99,99,100,98.6,100,255269
2016-12-27,97.5,97.5,99,97.2,99,460132
2016-12-28,98,98,98.8,97.9,98.3,319000
2016-12-29,99.2,99.2,99.5,98,98,390066
2016-12-30,101.5,101.5,102,99.4,99.5,1238151
2017-01-03,100.5,100.5,103,100,102,872738
2017-01-04,99.6,99.6,101,99.6,101,574050
2017-01-05,100.5,100.5,102.5,99.8,99.8,1363200
2017-01-06,101,101.5,102,100.5,101,809733
2017-01-09,96.6,96.6,100,96.1,99.7,1978338
2017-01-10,97,97.1,97.3,95.5,95.5,534607
2017-01-11,94.5,94.5,97.3,94.5,97.1,1196300
2017-01-12,94.9,94.9,95.8,94.5,94.5,514101
2017-01-13,94.2,94.3,95,93.6,95,423250
2017-01-16,92,92,93.7,91.5,93.7,664130
2017-01-17,94,94.1,94.2,92,92,353370
2017-01-18,93.2,93.2,94,92.9,93.6,365430
2017-01-19,93.3,93.4,94.8,93.2,93.2,422395
2017-01-20,93,93,94,92.7,93.1,300565
2017-01-23,95.1,95.1,95.5,93.1,93.2,651653
2017-01-24,93.4,93.4,94.7,92.5,94.7,516580
2017-02-02,93.8,93.8,94.9,93,94.4,401522
2017-02-03,94.8,94.8,95,93.6,94.1,465000
2017-02-06,104,104,104,95.4,95.4,5175669
2017-02-07,103.5,104,105,101.5,104,2754801
2017-02-08,110,110,113,103,105,5287744
2017-02-09,111.5,111.5,115,110.5,112.5,4238411
2017-02-10,106.5,106.5,112.5,106,112,2969533
2017-02-13,114.5,114.5,116,105,108,5636284
2017-02-14,111.5,111.5,116,110.5,115.5,2454145
2017-02-15,116,116,119.5,112,112,4459030
2017-02-16,114,114,117.5,113.5,116.5,1773805
2017-02-17,112,112,117,111.5,114,2505355
2017-02-18,114,114,116.5,112,112.5,1972250
2017-02-20,111.5,112,115.5,112,114.5,1157395
2017-02-21,111.5,112,114,109.5,113.5,1154200
2017-02-22,119,119.5,119.5,112.5,113,4506095
2017-02-23,115.5,115.5,127,115.5,121.5,7861148
2017-02-24,117,117,118,115.5,116,1650750
2017-03-01,114,114,118.5,114,117,1623750
2017-03-02,115,115,118,114,116,981050
2017-03-03,113.5,114,115.5,113,115.5,763700
2017-03-06,113.5,114,115,112.5,115,436467
2017-03-07,115.5,116,118,113.5,114,1704335
2017-03-08,115.5,115.5,117,115,115.5,595050
2017-03-09,112.5,112.5,116.5,112,116,1091208
2017-03-10,109,109,114,107.5,113,1827522
2017-03-13,109.5,109.5,112.5,107,109.5,1040628
2017-03-14,113,113,114.5,110.5,110.5,999050
2017-03-15,112,112.5,114,111,113,580000
2017-03-16,111.5,111.5,114,111.5,113.5,561310
2017-03-17,112,112.5,113.5,111.5,112,446550
2017-03-20,112.5,112.5,114,111.5,113,526300
2017-03-21,109.5,109.5,113,109.5,113,745635
2017-03-22,110,110.5,111,107,108,669601
2017-03-23,114.5,114.5,116,110,111,2507600
2017-03-24,111.5,111.5,114.5,111.5,114,938840
2017-03-27,108.5,108.5,112,108.5,111,653250
2017-03-28,105.5,106,111,101.5,109.5,1679201
2017-03-29,105,105,107,105,106.5,520050
2017-03-30,103.5,103.5,106,103,105,828251
2017-03-31,103,103,104.5,102.5,104.5,710205
2017-04-05,103,103.5,105,102,102,652410
2017-04-06,104.5,105,106.5,103.5,104,466500
2017-04-07,103,103,105.5,101.5,105,576500
2017-04-10,103.5,104,104.5,103,103,368600
2017-04-11,101,101,105.5,101,105,870500
2017-04-12,98,98,101.5,97.5,101.5,928085
2017-04-13,99,99,100.5,98.2,98.2,496540
2017-04-14,97.1,97.1,98.6,97,98.1,378193
2017-04-17,97.5,97.6,98.8,96.5,98.7,297031
2017-04-18,97.6,97.6,99.1,97.5,99,297030
2017-04-19,98.2,98.3,98.6,97.5,98,208156
2017-04-20,98.5,98.6,100.5,98,98,630374
2017-04-21,98.7,98.8,99.9,98.6,99.1,260000
2017-04-24,97.4,97.4,99.4,97.4,99.2,179300
2017-04-25,99.1,99.1,99.8,97.5,98.3,492000
2017-04-26,98.2,98.2,100.5,98.1,99.6,555000
2017-04-27,98.2,98.2,99.6,98,98.4,352100
2017-04-28,104,104,107.5,98.3,98.3,2778901
2017-05-02,109,109.5,111,106,107,2749050
2017-05-03,106.5,107,110.5,106,110.5,1040896
2017-05-04,104,104,108.5,104,108.5,1038318
2017-05-05,106.5,106.5,110.5,104.5,105.5,2087500
2017-05-08,97.5,97.5,103.5,97.5,102.5,2798600
2017-05-09,98.1,98.1,99.9,96.9,97.4,1407300
2017-05-10,98.9,99,99.5,98.2,98.2,418393
2017-05-11,98.4,98.4,99.9,98.4,99.5,445000
2017-05-12,102.5,103,104.5,98.4,98.4,2010746
2017-05-15,105,105.5,106,103,103.5,915677
2017-05-16,103,103,105.5,102.5,105.5,621290
2017-05-17,104,104,107.5,103,103.5,1071400
2017-05-18,104.5,104.5,106.5,101.5,103,1330440
2017-05-19,109,109,111,104.5,105,4327797
2017-05-22,115.5,115.5,118.5,109,110,6750416
2017-05-23,114.00,114.00,117.50,113.50,116.00,2963401
2017-05-24,114.50,114.50,118.50,114.00,115.00,3689110
2017-05-25,112.00,112.00,116.00,112.00,115.50,1873623
2017-05-26,113.00,113.00,116.50,112.50,114.00,3329253
2017-05-31,110.00,110.00,115.00,109.50,113.50,1302280
2017-06-01,116.50,117.00,117.50,112.00,112.00,3899262
2017-06-02,116.50,116.50,118.00,115.50,116.50,1974000
2017-06-03,117.50,117.50,121.00,117.00,117.50,2704287
2017-06-05,116.50,116.50,119.50,116.00,118.50,1264243
2017-06-06,114.50,114.50,119.00,114.50,116.50,1767286
2017-06-07,113.50,113.50,115.50,112.50,115.00,1205040
2017-06-08,113.50,114.00,115.00,113.00,114.00,686040
2017-06-09,113.00,113.00,115.00,112.50,115.00,813048
2017-06-12,110.50,111.00,113.00,109.50,110.00,1001413
2017-06-13,110.50,110.50,113.00,110.50,112.00,568086
2017-06-14,105.00,105.00,111.50,103.50,111.50,1820500
2017-06-15,105.50,105.50,107.50,104.00,105.50,687158
2017-06-16,106.50,107.00,108.00,104.00,105.00,481238
2017-06-19,111.00,111.00,112.00,107.50,108.00,1183044
2017-06-20,110.00,110.50,112.00,109.50,112.00,726002
2017-06-21,110.50,111.00,112.00,109.00,110.00,559200
2017-06-22,109.00,109.00,112.50,108.50,111.50,544168
2017-06-23,109.50,109.50,111.00,109.00,109.50,380040
2017-06-26,111.00,111.00,113.00,109.50,109.50,841127
2017-06-27,109.50,110.00,112.00,110.00,111.50,500000
2017-06-28,110.00,110.00,112.00,109.50,109.50,433067
2017-06-29,109.50,109.50,111.00,109.50,111.00,362070
2017-06-30,110.00,110.00,110.50,109.00,109.00,273000
2017-07-03,111.00,111.50,111.50,110.50,111.50,489510
2017-07-04,108.00,108.00,111.50,107.50,111.50,891070
2017-07-05,108.50,109.00,109.50,107.50,109.00,498136
2017-07-06,108.00,108.50,110.00,108.00,110.00,913000
2017-07-07,99.90,99.90,103.00,99.70,103.00,1435681
2017-07-10,94.70,94.70,99.90,94.20,99.90,1689200
2017-07-11,95.10,95.20,97.00,94.80,94.90,718821
2017-07-12,96.00,96.10,96.70,95.70,96.00,484000
2017-07-13,96.40,96.50,96.90,96.10,96.60,295040
2017-07-14,96.30,96.50,96.80,96.10,96.80,314560
2017-07-17,97.80,97.80,98.20,96.90,96.90,546050
2017-07-18,97.80,97.80,98.70,97.80,98.20,467000
2017-07-19,101.50,101.50,103.50,98.20,98.40,1063611
2017-07-20,100.00,100.50,102.50,100.00,101.50,489335
2017-07-21,99.60,99.60,101.00,99.10,101.00,346080
2017-07-24,101.50,102.00,102.00,99.50,99.90,557196
2017-07-25,100.00,100.50,102.00,100.00,102.00,352000
2017-07-26,99.50,99.50,101.50,99.50,101.00,431000
2017-07-27,100.50,100.50,103.00,100.50,100.50,814700
2017-07-28,99.60,99.70,101.50,99.60,101.00,396000
2017-07-31,99.00,99.00,100.00,98.90,100.00,241000
2017-08-01,101.50,102.00,103.00,99.10,99.10,997488
2017-08-02,101.50,101.50,102.50,100.50,102.00,364500
2017-08-03,100.00,100.00,101.50,100.00,101.50,346213
2017-08-04,102.50,103.00,105.00,100.00,100.00,1520554
2017-08-07,103.00,103.50,105.00,103.00,103.50,806270
2017-08-08,101.50,101.50,104.50,101.00,104.00,651000
2017-08-09,100.50,100.50,102.00,100.00,102.00,404120
2017-08-10,96.90,97.00,101.00,96.10,100.50,1087150
2017-08-11,97.80,97.90,98.90,94.00,94.20,1115425
2017-08-14,93.50,93.50,97.30,93.50,96.60,1014200
2017-08-15,91.60,91.60,95.00,90.20,94.90,1022250
2017-08-16,94.70,95.30,96.90,91.30,91.70,1089648
2017-08-17,95.10,95.20,95.60,94.10,94.90,490150
2017-08-18,94.90,95.00,95.20,93.00,93.20,393220
2017-08-21,94.60,94.60,95.40,94.50,95.00,225000
2017-08-22,98.00,98.10,98.60,95.00,95.00,961000
2017-08-23,98.30,98.50,99.30,97.10,99.20,541000
2017-08-24,104.00,104.00,107.50,97.60,98.10,2836319
2017-08-25,106.50,106.50,108.00,104.50,106.50,2510816
2017-08-28,113.50,113.50,116.50,107.00,107.00,5745880
2017-08-29,111.50,111.50,116.50,111.00,115.00,3211599
2017-08-30,114.50,114.50,117.00,113.50,115.00,3514278
2017-08-31,110.50,110.50,116.00,109.00,115.50,3075100
2017-09-01,110.50,110.50,112.00,109.50,110.50,990768
2017-09-04,108.00,108.50,110.00,106.50,110.00,1230972
2017-09-05,108.00,108.00,111.00,108.00,108.50,696117
2017-09-06,106.00,106.00,109.00,106.00,107.00,997200
2017-09-07,107.50,107.50,109.50,106.00,107.00,1355330
2017-09-08,104.50,104.50,108.00,104.00,107.50,1370500
2017-09-11,103.50,104.00,105.50,103.50,104.50,763318
2017-09-12,105.50,106.00,108.00,104.50,105.00,999000
2017-09-13,103.50,104.00,106.00,103.50,105.50,739220
2017-09-14,100.50,101.00,104.00,99.60,103.50,1170400
2017-09-15,98.70,98.70,102.00,98.70,101.00,1450600
2017-09-18,99.20,99.50,101.00,97.60,98.80,1309365
2017-09-19,104.50,104.50,105.00,100.00,100.00,2656273
2017-09-20,105.00,105.00,106.00,103.50,104.50,1383094
2017-09-21,104.00,104.00,105.00,102.50,104.50,980100
2017-09-22,105.50,105.50,108.00,104.00,104.00,1583100
2017-09-25,100.00,100.00,105.50,99.00,104.50,1212000
2017-09-26,99.00,99.00,103.00,97.10,100.00,958005
2017-09-27,99.70,99.70,101.00,99.60,99.60,380050
2017-09-28,100.50,101.00,103.00,100.50,101.50,611073
2017-09-29,99.30,99.40,102.50,99.00,102.50,373635
2017-09-30,109.00,109.00,109.00,101.50,101.50,3552890
2017-10-02,110.50,110.50,112.50,107.50,110.00,2725470
2017-10-03,107.50,108.00,113.00,108.00,112.00,1426278
2017-10-05,112.50,112.50,114.50,109.50,110.00,2568450
2017-10-06,109.00,109.00,113.00,108.00,111.50,1764505
2017-10-11,110.50,111.00,111.00,106.00,109.00,1055518
2017-10-12,112.00,112.00,114.00,109.00,111.00,1613498
2017-10-13,111.00,111.00,116.00,111.00,112.00,2370428
2017-10-16,109.00,109.00,112.00,108.00,111.50,1242000
2017-10-17,105.00,105.00,109.00,105.00,109.00,1391100
2017-10-18,108.00,108.50,110.00,106.00,106.00,1417300
2017-10-19,109.00,109.00,110.50,108.50,109.50,713179
2017-10-20,119.50,119.50,119.50,107.50,109.00,5969574
2017-10-23,131.00,131.00,131.00,123.00,123.00,11494519
2017-10-24,137.50,138.00,140.50,128.50,131.00,10681121
2017-10-25,138.50,138.50,140.50,133.50,139.00,6012824
2017-10-26,136.00,136.00,145.00,136.00,139.50,7257797
2017-10-27,128.00,128.50,139.50,126.00,136.50,5582950
2017-10-30,130.00,130.00,134.50,128.50,132.50,2854300
2017-10-31,141.50,142.00,143.00,128.50,132.50,7672109
2017-11-01,133.00,133.00,140.50,133.00,139.50,4249307
2017-11-02,131.50,131.50,136.00,131.50,132.50,2366080
2017-11-03,124.50,124.50,135.00,123.50,132.50,3545600
2017-11-06,123.50,123.50,128.00,123.50,125.50,1544717
2017-11-07,128.00,128.00,130.00,123.50,126.00,1843131
2017-11-08,128.50,129.00,133.50,125.00,128.00,2441417
2017-11-09,131.00,131.50,134.00,121.50,124.00,4613335
2017-11-10,135.50,136.00,136.00,127.50,132.50,1906725
2017-11-13,135.00,135.00,144.00,132.00,135.50,5866778
2017-11-14,132.50,132.50,137.50,132.50,136.00,2514400
2017-11-15,129.00,129.00,131.50,128.50,130.00,1487004
2017-11-16,126.00,126.00,131.50,126.00,129.00,1307250
2017-11-17,127.00,127.50,129.50,126.50,128.00,1025201
2017-11-20,127.50,127.50,130.00,126.00,127.50,1017225
2017-11-21,127.50,127.50,129.50,127.00,128.00,891910
2017-11-22,136.00,136.50,136.50,127.50,128.00,2947513
2017-11-23,133.50,133.50,139.50,132.50,135.50,2978317
2017-11-24,134.00,134.00,139.00,133.50,135.00,1872600
2017-11-27,139.00,139.50,139.50,133.50,133.50,2018229
2017-11-28,130.00,130.00,152.50,130.00,140.00,9910907
2017-11-29,124.50,125.00,132.50,122.50,131.00,6369342
2017-11-30,125.00,125.00,128.00,119.50,123.00,3886384
2017-12-01,123.00,123.00,128.00,120.00,127.50,2384510
2017-12-04,114.00,114.50,124.00,114.50,122.00,1861375
2017-12-05,109.00,109.00,114.50,106.00,112.00,3101372
2017-12-06,110.50,110.50,112.00,106.50,109.00,1750102
2017-12-07,111.00,111.50,114.00,109.00,111.00,1438601
2017-12-08,112.00,113.00,113.50,110.50,111.50,944336
2017-12-11,115.00,115.00,119.00,113.50,114.00,1321160
2017-12-12,111.00,111.50,117.00,111.00,115.50,619190
2017-12-13,111.00,111.00,113.00,110.50,111.00,481239
2017-12-14,112.50,112.50,117.00,111.50,112.00,1175132
2017-12-15,111.50,111.50,112.50,109.00,112.50,503197
2017-12-18,119.50,120.00,120.00,112.00,112.50,2396520
2017-12-19,125.00,125.50,128.50,122.50,123.00,4399151
2017-12-20,128.50,129.00,134.50,126.00,126.50,5204503
2017-12-21,127.00,127.00,132.00,127.00,129.00,1429902
2017-12-22,132.50,133.00,134.00,128.00,128.00,3346242
2017-12-25,136.50,137.00,137.00,132.00,132.00,2736791
2017-12-26,138.50,139.00,141.50,134.00,138.00,4963218
2017-12-27,136.50,136.50,140.00,133.50,140.00,2053290
2017-12-28,140.50,140.50,141.50,135.00,137.50,2613945
2017-12-29,139.00,140.00,140.50,137.00,140.00,1468503
2018-01-02,138.50,139.00,140.50,137.00,139.00,1254136
2018-01-03,152.50,152.50,152.50,139.50,139.50,6067224
2018-01-04,153.50,154.00,158.50,151.00,153.00,4522742
2018-01-05,154.00,154.50,156.00,148.50,153.00,2019042
2018-01-08,146.50,146.50,154.50,141.00,154.50,4674774
2018-01-09,151.00,151.50,152.00,143.50,146.00,2308100
2018-01-10,141.00,141.00,151.50,141.00,151.00,2313509
2018-01-11,139.00,139.00,141.50,136.50,141.00,2375800
2018-01-12,144.50,145.00,145.00,141.00,141.00,1620251
2018-01-15,144.00,144.50,145.00,139.00,145.00,1161249
2018-01-16,144.50,144.50,150.50,142.50,143.50,1693000
2018-01-17,146.50,147.00,148.00,140.50,144.50,1415300
2018-01-18,145.50,146.00,149.50,145.50,149.00,1268325
2018-01-19,142.00,142.00,146.50,141.00,146.00,1012269
2018-01-22,143.50,144.00,144.00,139.00,142.00,1130068
2018-01-23,158.00,158.00,158.00,144.50,144.50,5604806
2018-01-24,152.00,152.00,161.00,150.50,158.00,5156550
2018-01-25,150.50,150.50,154.00,149.50,152.00,1981159
2018-01-26,146.00,146.00,153.00,144.50,151.50,1616500
2018-01-29,144.50,144.50,147.50,143.50,146.00,1033110
2018-01-30,151.00,151.00,158.00,147.00,147.00,3884177
2018-01-31,151.50,151.50,154.00,148.00,150.00,1695556
2018-02-01,155.00,155.00,161.50,151.50,151.50,4399200
2018-02-02,153.50,154.00,156.50,152.50,155.00,1644130
2018-02-05,144.00,144.00,149.00,139.00,145.00,2138396
2018-02-06,133.00,135.00,137.50,130.00,134.00,4049354
2018-02-07,137.50,137.50,144.00,136.00,138.00,2590280
2018-02-08,NULL,124.00,139.00,124.00,137.50,3297201
2018-02-09,124.50,125.00,125.00,112.00,114.00,3559201
2018-02-12,125.00,125.00,128.00,119.50,127.00,1518149
2018-02-21,129.50,129.50,133.00,126.50,127.00,1459565
2018-02-22,133.00,133.00,134.00,128.50,129.50,936380
2018-02-23,131.50,132.00,135.00,131.00,133.00,795000
2018-02-26,133.50,133.50,137.00,132.50,132.50,881045
2018-02-27,134.00,134.00,136.50,133.50,135.50,414001
2018-03-01,131.50,131.50,134.00,131.00,133.00,302037
2018-03-02,131.50,132.00,132.00,130.50,131.00,295100
2018-03-05,131.50,132.00,133.50,129.00,133.50,410052
2018-03-06,140.00,140.00,144.00,131.00,133.00,1891251
2018-03-07,134.50,134.50,142.50,134.50,138.00,1255430
2018-03-08,140.50,141.00,142.00,136.50,136.50,1447050
2018-03-09,143.00,143.00,145.00,140.50,142.50,1525040
2018-03-12,139.50,140.00,147.00,139.50,145.00,1348390
2018-03-13,141.00,141.00,143.50,141.00,141.50,613250
2018-03-14,142.00,142.50,144.50,140.50,143.00,616100
2018-03-15,151.50,151.50,155.50,144.00,144.50,5384439
2018-03-16,146.50,147.00,152.00,145.50,150.50,1718500
2018-03-19,141.00,141.00,147.00,140.50,146.00,1593050
2018-03-20,144.00,144.50,145.00,139.00,141.50,935001
2018-03-21,146.00,146.00,150.50,143.50,143.50,1593210
2018-03-22,141.50,141.50,149.00,141.00,146.00,1046137
2018-03-23,138.50,139.00,139.00,133.00,133.00,1067050
2018-03-26,141.50,142.00,142.00,136.00,139.00,1078000
2018-03-27,147.50,147.50,153.00,142.50,143.00,2716110
2018-03-28,149.00,150.00,150.50,145.00,146.50,1928100
2018-03-29,147.50,148.00,153.50,147.00,151.00,1438210
2018-03-30,146.00,146.00,150.00,146.00,149.00,926100
2018-03-31,148.50,150.00,150.50,146.00,147.50,1008167
2018-04-02,147.00,147.00,151.50,146.50,150.00,993100
2018-04-03,150.00,150.00,150.00,144.50,144.50,856031
2018-04-09,150.00,150.00,151.50,147.00,148.50,1076000
2018-04-10,165.00,165.00,165.00,150.50,151.50,6003649
2018-04-11,157.50,157.50,165.00,155.50,165.00,4158460
2018-04-12,160.00,160.50,161.00,155.50,157.50,1272000
2018-04-13,167.00,167.50,171.00,160.50,161.50,4592331
2018-04-16,165.00,165.00,172.00,165.00,172.00,1156281
2018-04-17,162.50,163.00,166.00,159.00,166.00,911200
2018-04-18,163.50,163.50,171.00,163.00,165.50,1568912
2018-04-19,160.50,160.50,166.50,160.50,161.50,721441
2018-04-20,157.00,157.00,161.00,156.00,159.00,773100
2018-04-23,148.50,148.50,158.00,148.00,157.00,1739113
2018-04-24,149.00,149.50,149.50,139.00,147.00,1567350
2018-04-25,149.50,149.50,150.00,143.00,146.50,914100
2018-04-26,144.00,145.00,153.50,140.50,152.50,1118450
2018-04-27,149.00,149.00,151.00,144.00,145.50,628100
2018-04-30,146.00,146.00,149.00,143.50,148.00,804300
2018-05-02,147.50,147.50,149.50,145.50,146.00,480000
2018-05-03,137.00,138.00,149.50,133.50,146.00,1986636
2018-05-04,138.00,138.00,141.00,135.00,137.50,654070
2018-05-07,137.50,138.00,141.00,136.50,141.00,357000
2018-05-08,149.50,149.50,151.00,137.50,138.00,1704201
2018-05-09,143.50,145.00,148.50,142.00,147.50,1310088
2018-05-10,141.50,141.50,149.00,141.00,146.50,947100
2018-05-11,142.00,142.50,145.50,134.00,134.00,1972701
2018-05-14,150.00,150.00,152.00,138.00,138.00,1887385
2018-05-15,149.50,150.50,152.50,146.00,150.00,1019438
2018-05-16,148.50,148.50,151.00,148.00,150.00,343130
2018-05-17,148.50,148.50,155.00,148.50,151.00,812060
2018-05-18,160.00,160.00,163.00,146.50,150.50,2672900
2018-05-21,162.50,162.50,171.50,157.00,160.00,3835033
2018-05-22,167.00,167.00,172.50,164.00,165.50,3276020
2018-05-23,171.50,172.00,172.00,162.00,167.00,1641259
2018-05-24,169.50,170.50,176.00,166.50,174.00,1860740
2018-05-25,167.50,167.50,172.00,167.50,170.00,705920
2018-05-28,164.50,164.50,170.00,164.50,169.50,854139
2018-05-29,165.00,165.50,170.00,163.50,166.00,814942
2018-05-30,161.00,161.50,162.50,158.50,161.00,942193
2018-05-31,159.00,159.00,165.00,159.00,163.00,445132
2018-06-01,163.50,164.00,165.00,159.50,159.50,379000
2018-06-04,168.50,168.50,169.50,166.00,166.00,655013
2018-06-05,163.50,164.00,170.50,163.50,169.50,495015
2018-06-06,163.00,163.00,166.50,163.00,164.00,502041
2018-06-07,160.50,161.00,165.50,160.00,163.00,797260
2018-06-08,159.00,160.00,163.00,156.00,162.00,919660
2018-06-11,161.50,162.50,163.00,160.00,161.00,484300
2018-06-12,159.50,160.00,165.00,158.50,162.50,506129
2018-06-13,157.00,158.00,161.00,156.00,160.00,362531
2018-06-14,167.00,167.00,169.50,158.50,160.00,1938851
2018-06-15,165.00,166.00,166.00,161.50,165.00,924005
2018-06-19,165.00,165.00,173.50,165.00,169.00,1725150
2018-06-20,158.50,160.50,163.50,155.00,163.50,1432020
2018-06-21,155.50,155.50,160.50,155.00,159.50,610000
2018-06-22,149.50,150.00,155.00,145.00,155.00,1242100
2018-06-25,149.00,150.00,150.00,147.50,150.00,277035
2018-06-26,149.00,150.00,151.00,145.00,147.00,498100
2018-06-27,150.00,150.00,156.50,150.00,150.00,617100
2018-06-28,150.00,150.50,153.00,149.00,149.50,257100
2018-06-29,154.50,154.50,157.00,151.50,152.00,509249
2018-07-02,151.50,151.50,156.50,151.50,156.00,310000
2018-07-03,150.50,150.50,154.50,150.50,154.00,286100
2018-07-04,151.00,151.00,151.50,145.00,151.00,491220
2018-07-05,148.50,149.00,154.50,145.00,154.50,568100
2018-07-06,154.50,155.00,159.00,151.50,151.50,1209087
2018-07-09,153.00,153.00,159.00,151.50,159.00,501100
2018-07-10,152.50,152.50,156.00,152.00,156.00,371003
2018-07-11,156.50,156.50,158.50,151.00,151.50,695100
2018-07-12,150.50,151.00,156.50,151.00,156.50,595000
2018-07-13,149.50,150.00,154.50,148.00,152.50,600100
2018-07-16,149.00,149.50,150.50,148.00,150.00,316000
2018-07-17,148.50,149.00,152.00,147.50,147.50,367200
2018-07-18,145.00,145.00,150.50,145.00,149.00,530100
2018-07-19,143.00,143.50,146.50,140.00,146.00,670000
2018-07-20,142.00,142.00,145.50,140.00,145.00,474000
2018-07-23,140.00,140.00,142.00,137.00,140.00,384000
2018-07-24,137.50,138.00,141.00,136.50,141.00,224090
2018-07-25,140.00,140.50,147.00,138.50,138.50,912200
2018-07-26,144.00,144.00,146.00,141.00,141.00,547005
2018-07-27,145.50,145.50,147.50,143.00,144.00,526006
2018-07-30,144.50,144.50,149.00,144.50,146.00,345100
2018-07-31,144.50,144.50,147.00,143.50,145.00,196100
2018-08-01,143.50,143.50,147.50,142.00,145.50,265100
2018-08-02,144.00,144.00,145.00,140.50,144.50,249170
2018-08-03,140.50,140.50,145.50,139.00,145.00,503051
2018-08-06,139.50,139.50,143.00,139.50,141.50,409031
2018-08-07,138.00,138.50,142.50,137.50,142.00,478169
2018-08-08,138.00,138.00,144.50,138.00,139.50,1134200
2018-08-09,NULL,124.50,140.00,124.50,138.00,2503110
2018-08-10,121.50,121.50,124.50,119.50,121.50,1278191
2018-08-13,NULL,109.50,122.50,109.50,122.50,1320064
2018-08-14,99.60,99.60,108.50,98.60,108.00,3992010
2018-08-15,99.60,99.70,103.50,99.10,101.00,1517798
2018-08-16,101.50,101.50,105.50,100.50,102.00,1857300
2018-08-17,103.00,103.50,104.00,100.50,103.00,1228000
2018-08-20,102.00,102.00,105.00,99.80,103.00,764002
2018-08-21,109.00,109.50,109.50,101.50,103.00,1609110
2018-08-22,117.50,117.50,120.00,107.00,108.50,2412326
2018-08-23,122.50,123.00,123.50,115.00,116.00,1756345
2018-08-24,119.50,120.00,124.00,113.50,122.00,2247226
2018-08-27,118.00,118.00,122.50,117.50,122.00,1573210
2018-08-28,122.00,122.50,123.50,118.50,120.00,1238209
2018-08-29,123.50,124.00,125.50,117.00,120.50,1599550
2018-08-30,119.50,119.50,128.00,119.00,123.50,1507150
2018-08-31,119.00,119.50,122.00,117.50,119.00,1157270
2018-09-03,118.00,118.00,122.00,117.50,120.50,618069
2018-09-04,124.00,124.00,125.50,118.50,119.00,1374310
2018-09-05,120.00,120.00,121.50,118.50,120.50,1168179
2018-09-06,121.00,121.50,122.50,117.50,118.50,731217
2018-09-07,115.00,115.00,121.00,115.00,121.00,1002010
2018-09-10,NULL,103.50,115.00,103.50,115.00,1688350
2018-09-11,93.20,93.20,103.50,93.20,103.50,3947517
2018-09-12,85.40,85.40,93.20,84.00,93.20,3457602
2018-09-13,84.20,84.20,90.10,84.10,89.10,2356507
2018-09-14,89.30,89.50,89.80,84.70,85.30,1656878
2018-09-17,90.10,90.30,91.70,86.10,87.80,1177117
2018-09-18,88.00,88.00,89.50,86.60,88.70,805150
2018-09-19,88.10,88.10,90.80,87.90,89.00,587000
2018-09-20,86.10,86.80,89.40,83.60,88.20,1517000
2018-09-21,88.70,88.70,90.30,86.80,86.80,722000
2018-09-25,92.00,92.00,93.20,88.70,88.70,823040
2018-09-26,90.60,90.60,92.60,90.50,91.10,394003
2018-09-27,92.50,92.80,92.80,90.00,90.90,527128
2018-09-28,97.10,97.10,102.00,92.40,93.60,2937201
2018-10-01,97.20,97.50,98.90,95.70,96.20,965282
2018-10-02,96.60,96.60,99.90,96.60,99.90,750500
2018-10-03,92.50,92.50,97.40,92.40,97.40,720298
2018-10-04,91.60,91.60,93.80,90.80,91.10,504000
2018-10-05,85.00,85.00,90.70,82.70,90.60,1506130
2018-10-08,NULL,76.50,86.70,76.50,83.30,3005163
2018-10-09,76.60,76.60,78.30,73.70,77.30,1658250
2018-10-11,NULL,69.00,70.60,69.00,70.00,1328153
2018-10-12,67.50,67.50,70.50,65.30,67.30,2237351
2018-10-15,68.20,68.20,71.00,64.00,66.00,1285350
2018-10-16,67.00,67.00,70.50,66.70,69.60,1332021
2018-10-17,66.60,66.60,70.40,65.90,68.70,1270500
2018-10-18,67.20,67.40,67.60,65.30,67.00,714100
2018-10-19,61.70,61.80,66.30,61.40,66.10,1646153
2018-10-22,64.40,64.50,65.10,60.10,61.70,1896003
2018-10-23,NULL,58.10,65.30,58.10,63.20,2632708
2018-10-24,57.60,57.60,60.00,56.40,57.90,2486114
2018-10-25,52.50,52.50,54.70,51.90,54.70,2878024
2018-10-26,57.70,57.70,57.70,55.10,55.70,2967007
2018-10-29,54.30,54.30,58.70,53.80,57.70,3701309
2018-10-30,55.90,55.90,57.00,53.60,53.60,1563400
2018-10-31,60.00,60.00,61.10,56.60,56.90,1851500
2018-11-01,61.50,61.60,63.30,59.10,60.00,1162747
2018-11-02,63.00,63.00,64.00,60.60,62.50,1447281
2018-11-05,69.30,69.30,69.30,67.10,68.50,4710161
2018-11-06,NULL,62.40,69.80,62.40,69.60,4178450
2018-11-07,62.50,62.50,63.30,59.80,61.50,2543800
2018-11-08,60.20,60.20,64.40,60.20,64.40,1692200
2018-11-09,58.40,58.40,61.10,56.60,60.40,1998200
2018-11-12,56.70,56.70,59.70,56.10,57.40,1835002
2018-11-13,57.60,57.70,57.70,52.50,53.90,2218821
2018-11-14,57.50,57.60,59.10,55.20,58.80,2303300
2018-11-15,63.30,63.30,63.30,57.80,59.00,2944177
2018-11-16,61.00,61.00,66.00,60.90,65.00,12329832
2018-11-19,64.30,64.40,64.50,59.00,61.00,5463301
2018-11-20,62.20,62.30,64.40,61.80,62.70,2527300
2018-11-21,62.10,62.10,63.50,61.00,61.60,2683600
2018-11-22,60.50,60.60,65.60,60.60,62.30,5848222
2018-11-23,59.60,59.60,61.80,59.40,61.00,1648100
2018-11-26,60.30,60.40,61.30,59.60,60.50,835620
2018-11-27,64.10,64.10,64.50,60.60,61.30,3249472
2018-11-28,70.50,70.50,70.50,66.30,67.50,6702234
2018-11-29,70.30,70.30,72.90,69.70,71.00,9661483
2018-11-30,71.40,71.40,73.50,70.80,71.00,3388000
2018-12-03,78.20,78.20,78.20,73.70,74.60,4621889
2018-12-04,76.40,76.50,78.50,76.00,78.20,3000821
2018-12-05,73.00,73.10,75.90,71.60,72.50,2494802
2018-12-06,68.50,68.50,74.60,66.50,73.10,3031200
2018-12-07,73.10,73.20,74.00,70.00,70.50,2850680
2018-12-10,69.50,69.50,72.40,68.60,70.90,1809202
2018-12-11,72.40,72.40,73.80,70.30,70.30,2709832
2018-12-12,76.10,76.20,76.90,73.40,73.40,3207861
2018-12-13,78.40,78.40,82.40,75.00,76.70,7474509
2018-12-14,79.30,79.30,80.60,77.50,78.40,3773350
2018-12-17,79.40,79.50,81.50,78.30,80.10,2584180
2018-12-19,77.10,77.10,79.70,76.80,77.90,2556103
2018-12-20,75.40,75.50,78.00,74.10,76.00,1840600
2018-12-21,76.50,76.60,78.30,74.60,76.40,2508200
2018-12-22,75.50,75.50,76.80,75.30,75.80,790300
2018-12-24,78.70,78.70,79.80,76.60,77.00,3300293
2018-12-25,77.70,77.70,77.70,75.50,76.60,2073000
2018-12-26,75.50,75.60,82.80,75.60,79.60,5021554
2018-12-27,80.30,80.50,80.60,77.20,78.60,3239750
2018-12-28,79.00,79.00,81.80,78.50,81.00,2511329
2019-01-02,80.50,80.50,80.50,78.10,80.40,1595206
2019-01-03,80.90,80.90,84.40,80.90,81.00,6781544
2019-01-04,79.70,79.70,79.80,76.20,79.20,3444100
2019-01-07,79.40,79.40,82.30,78.90,81.30,2065400
2019-01-08,80.00,80.00,80.90,78.70,80.00,1062252
2019-01-09,80.80,80.80,85.60,80.60,82.20,4355105
2019-01-10,81.10,81.20,82.20,80.30,80.80,1078170
2019-01-11,80.70,80.70,82.40,80.70,81.80,760200
2019-01-14,78.80,78.90,81.40,78.20,80.50,1347277
2019-01-15,78.50,78.50,80.10,78.50,78.50,950116
2019-01-18,79.50,79.60,80.90,79.10,79.40,741096
2019-01-21,81.10,81.30,81.40,79.90,80.00,1270200
2019-01-22,81.30,81.30,82.00,79.90,80.90,912140
2019-01-23,80.90,81.00,82.10,80.60,81.30,894054
2019-01-24,82.60,82.60,85.10,82.10,82.80,4244661
2019-01-25,84.90,85.00,85.00,82.00,83.50,1597503
2019-01-28,83.90,83.90,87.50,83.80,86.50,2422525
2019-01-29,84.30,84.30,84.50,83.00,83.10,636100
2019-01-30,83.50,83.50,85.20,83.50,85.10,701082
2019-02-11,85.70,86.00,86.00,83.10,84.50,862260
2019-02-12,87.50,87.50,90.80,87.00,88.80,3111112
2019-02-13,87.20,87.20,89.40,86.40,88.50,1429448
2019-02-14,87.30,87.30,89.00,87.00,88.00,1151100
2019-02-15,85.60,85.60,88.30,85.00,87.90,1054123
2019-02-18,84.90,85.00,86.60,84.50,86.50,1025600
2019-02-19,85.90,85.90,87.00,85.40,85.60,796134
2019-02-20,88.40,88.40,88.70,86.30,87.00,1302414
2019-02-21,88.20,88.20,90.10,87.60,89.10,1644200
2019-02-22,86.50,86.60,88.60,86.20,87.70,1078020
2019-02-25,89.80,90.00,90.50,86.20,87.20,2259146
2019-02-26,90.90,91.00,94.50,90.40,92.80,3837360
2019-02-27,90.50,90.80,91.30,89.10,90.80,842258
2019-03-04,90.00,90.00,91.40,89.90,91.20,790205
2019-03-05,89.90,90.00,90.60,89.30,89.50,504052
2019-03-06,95.90,95.90,98.20,90.00,90.60,3948696
2019-03-07,97.50,97.50,99.60,95.40,96.60,4267660
2019-03-08,96.00,96.00,97.00,95.10,97.00,1090701
2019-03-11,98.50,98.60,99.80,94.00,94.00,1716453
2019-03-12,98.10,98.10,102.50,98.00,99.50,2459615
2019-03-13,98.70,98.70,101.50,98.30,98.70,1109103
2019-03-14,106.00,106.00,108.00,100.00,100.00,5605967
2019-03-15,108.50,109.00,111.50,105.00,107.00,4342199
2019-03-18,112.00,112.50,112.50,108.50,109.50,2589142
2019-03-19,115.00,115.50,120.50,112.00,115.50,5466425
2019-03-20,111.50,111.50,116.00,111.00,116.00,2242335
2019-03-21,113.00,113.50,114.00,111.50,112.00,1502768
2019-03-22,114.50,115.00,115.00,111.00,114.50,1052348
2019-03-25,109.50,110.00,114.00,108.50,114.00,2309927
2019-03-26,112.00,112.00,115.50,111.50,111.50,2573700
2019-03-27,113.50,113.50,116.00,112.50,113.00,1691530
2019-03-28,111.50,112.00,114.50,110.50,114.00,918295
2019-03-29,117.00,117.00,117.00,111.00,113.00,2149233
2019-04-01,115.50,115.50,121.50,115.50,119.50,3196807
2019-04-02,121.00,121.00,126.50,115.00,116.50,4712374
2019-04-03,125.00,125.50,125.50,119.00,121.50,3265548
2019-04-08,138.00,138.00,138.00,128.50,133.00,9546730
2019-04-09,139.50,140.00,140.00,135.00,138.50,3697639
2019-04-10,136.50,137.50,139.00,134.00,139.00,2693371
2019-04-11,129.00,129.00,141.00,129.00,140.00,5399621
2019-04-12,128.50,129.00,133.00,129.00,130.00,2404530
2019-04-15,129.00,129.50,132.50,128.00,132.50,1585361
2019-04-16,134.50,135.00,135.00,128.00,131.00,2864440
2019-04-17,130.00,130.00,136.00,129.50,135.50,2609557
2019-04-18,131.00,131.00,136.00,129.50,131.50,3200061
2019-04-22,129.50,130.00,131.00,127.50,128.00,1036500
2019-04-23,128.00,128.50,132.00,126.50,132.00,840200
2019-04-24,128.00,128.50,130.00,126.00,129.50,767100
2019-04-25,129.00,129.00,133.50,127.50,129.00,1974191
2019-04-26,NULL,116.50,128.00,116.50,128.00,4734320
2019-04-29,109.50,110.00,114.00,108.00,113.00,4007764
2019-04-30,113.50,113.50,114.00,109.00,111.00,1572224
2019-05-02,116.50,116.50,117.00,111.50,112.00,1130201
2019-05-03,120.00,120.50,121.00,115.50,117.00,1769220
2019-05-06,112.00,112.00,116.00,109.00,116.00,2037095
2019-05-07,113.50,114.00,116.00,112.50,113.50,816217
2019-05-08,116.50,118.00,118.00,109.00,110.00,831214
2019-05-09,108.00,108.00,120.00,107.00,118.00,2943314
2019-05-10,105.50,106.00,112.00,103.00,108.50,2580187
2019-05-13,NULL,95.40,102.00,95.40,100.50,4263685
2019-05-14,93.30,93.30,94.90,90.90,91.00,1997596
2019-05-15,96.60,96.60,99.70,95.00,95.10,2520154
2019-05-16,95.00,95.00,98.90,94.00,96.40,1308240
2019-05-17,90.70,90.80,97.40,89.60,95.80,1637187
2019-05-20,93.80,94.10,94.30,90.20,91.30,1504153
2019-05-21,96.10,96.10,96.70,92.50,93.10,891050
2019-05-22,91.90,91.90,97.20,91.60,96.20,1302020
2019-05-23,89.10,89.10,90.60,86.60,89.30,1883040
2019-05-24,89.30,89.30,92.60,89.00,89.60,719256
2019-05-27,89.80,90.10,90.40,87.20,90.00,717000
2019-05-28,90.90,91.70,91.70,89.50,90.10,482660
2019-05-29,90.50,90.50,92.00,89.60,89.60,488260
2019-05-30,93.20,93.40,93.90,90.80,90.80,1151154
2019-05-31,94.40,94.50,95.60,92.50,92.50,925183
2019-06-03,88.50,88.50,94.00,88.20,94.00,1846100
2019-06-04,88.60,88.60,90.40,88.10,88.20,825410
2019-06-05,87.70,87.70,90.90,87.50,90.60,829623
2019-06-06,89.80,89.80,90.10,88.20,88.60,790700
2019-06-10,96.30,96.30,97.00,91.60,92.80,2451224
2019-06-11,97.00,97.20,100.00,95.20,97.20,2033110
2019-06-12,96.30,96.30,99.00,96.30,98.00,805240
2019-06-13,96.70,96.70,97.20,95.30,96.30,618050
2019-06-14,94.90,95.00,99.20,95.00,98.20,1404250
2019-06-17,96.10,96.20,96.40,95.00,95.00,421102
2019-06-18,95.80,95.90,97.00,95.20,97.00,320281
2019-06-19,97.10,97.20,98.50,96.90,97.70,967481
2019-06-20,103.00,103.50,104.00,97.50,98.00,2425221
2019-06-21,101.00,101.50,105.00,100.50,104.50,1869150
2019-06-24,105.00,105.00,107.50,101.00,102.00,2249431
2019-06-25,103.00,103.50,107.00,102.00,106.00,1906110
2019-06-26,104.00,104.00,105.00,102.50,103.00,617200
2019-06-27,105.00,105.00,106.50,104.50,105.00,1016391
2019-06-28,102.50,103.00,106.00,102.00,106.00,961300
2019-07-01,105.50,105.50,107.50,104.50,107.00,1702304
2019-07-02,106.00,106.00,107.50,104.50,105.50,929056
2019-07-03,101.50,101.50,107.50,101.00,106.50,1380000
2019-07-04,100.50,100.50,103.00,99.20,101.50,1729339
2019-07-05,102.00,102.00,102.00,100.00,101.00,473795
2019-07-08,105.00,105.00,107.50,98.70,99.00,2937400
2019-07-09,104.00,104.00,105.00,103.50,104.00,561100
2019-07-10,106.00,106.00,107.00,105.00,105.50,768260
2019-07-11,107.00,107.00,108.50,105.50,107.50,1176098
2019-07-12,111.50,111.50,116.00,109.00,109.50,4069288
2019-07-15,111.00,111.00,113.00,110.50,113.00,1124100
2019-07-16,111.50,112.00,112.50,110.50,112.00,577012
2019-07-17,111.50,112.00,113.00,110.00,113.00,1101337
2019-07-18,105.50,106.00,110.50,106.00,110.00,1062133
2019-07-19,106.50,106.50,108.00,106.50,108.00,422500
2019-07-22,111.00,111.00,112.50,106.50,107.00,1335721
2019-07-23,110.50,110.50,114.50,110.00,112.00,1617230
2019-07-24,114.00,114.50,115.00,110.50,112.00,1199250
2019-07-25,115.00,115.00,120.00,115.00,119.00,3681607
2019-07-26,115.00,115.00,116.50,114.50,115.00,701075
2019-07-29,112.50,112.50,116.00,111.50,115.00,1124100
2019-07-30,109.00,109.00,114.00,108.00,114.00,875500
2019-07-31,111.00,111.00,111.50,108.00,109.00,481200
2019-08-01,109.50,109.50,111.50,108.50,109.50,434050
2019-08-02,105.00,105.00,108.00,102.00,108.00,1465319
2019-08-05,100.50,100.50,104.00,99.90,103.00,1080005
2019-08-06,101.00,101.00,101.50,94.90,95.50,1534064
2019-08-07,100.00,100.00,102.50,100.00,102.00,832100
2019-08-08,102.00,102.50,102.50,100.50,100.50,522150
2019-08-12,102.00,102.50,104.00,102.00,102.50,567000
2019-08-13,104.00,104.00,108.00,104.00,104.00,2551180
2019-08-14,104.50,104.50,107.00,104.00,106.00,814210
2019-08-15,102.50,103.00,104.00,101.00,101.00,532000
2019-08-16,105.00,105.50,107.00,103.00,103.50,786070
2019-08-19,108.00,108.00,108.50,105.50,107.00,928140
2019-08-20,108.00,108.50,109.00,106.00,109.00,656348
2019-08-21,110.00,110.50,116.50,110.00,112.00,4878557
2019-08-22,110.00,110.00,114.00,110.00,112.00,1942100
2019-08-23,110.50,110.50,113.50,110.00,111.50,1389201
2019-08-26,104.00,104.00,108.50,104.00,106.50,1309001
2019-08-27,106.50,106.50,107.50,105.50,106.00,734105
2019-08-28,104.50,105.00,108.00,105.00,107.00,871000
2019-08-29,114.00,114.50,115.00,106.50,106.50,4585605
2019-08-30,112.00,112.50,115.00,111.00,113.50,2579706
2019-09-02,117.50,117.50,119.50,112.50,113.00,5089996
2019-09-03,118.00,118.50,120.50,117.00,118.50,6085310
2019-09-04,120.50,121.00,121.00,117.00,119.00,2657088
2019-09-05,120.50,121.00,124.00,119.50,122.50,3986250
2019-09-06,121.50,122.00,122.00,119.00,121.00,2112324
2019-09-09,113.50,113.50,121.50,113.50,121.00,4420009
2019-09-10,114.00,114.00,116.00,113.50,115.00,1130150
2019-09-11,115.00,115.00,115.50,114.00,114.50,538100
2019-09-12,114.50,115.00,116.50,114.00,116.50,662130
2019-09-16,111.50,112.00,115.50,110.00,115.00,1107237
2019-09-17,115.50,115.50,117.00,112.50,114.00,2100646
2019-09-18,119.00,119.50,120.50,116.50,116.50,4452306
2019-09-19,125.00,125.00,127.50,121.50,121.50,9206971
2019-09-20,123.50,123.50,126.50,123.00,126.00,2806400
2019-09-23,126.50,126.50,129.00,124.00,124.50,5866566
2019-09-24,125.50,125.50,128.50,124.50,126.50,2743480
2019-09-25,125.50,125.50,127.50,123.50,124.50,1912410
2019-09-26,124.50,125.00,127.00,124.50,126.50,1326374
2019-09-27,117.50,117.50,134.50,117.50,126.50,10911240
2019-10-01,118.50,119.00,120.50,116.50,117.50,2423500
2019-10-02,121.00,121.50,122.00,116.00,118.00,1548030
2019-10-03,124.00,124.00,124.50,118.00,119.00,1419290
2019-10-04,129.50,130.00,132.00,123.00,125.00,5019332
2019-10-07,136.00,136.00,140.00,130.00,133.50,9942780
2019-10-08,141.50,142.00,143.00,134.50,135.00,9646662
2019-10-09,147.50,148.00,148.00,138.00,141.50,8771290
2019-10-14,150.50,151.00,153.50,147.00,153.00,4922332
2019-10-15,148.00,148.00,153.00,147.00,150.00,2951006
2019-10-16,155.00,156.00,156.00,148.00,150.50,4731177
2019-10-17,155.50,156.00,156.00,146.00,156.00,7025083
2019-10-18,157.00,157.00,159.50,153.00,155.00,5053594
2019-10-21,159.00,159.50,161.00,152.50,156.50,4511146
2019-10-22,156.00,156.00,162.00,156.00,159.50,3189409
2019-10-23,155.50,156.00,158.50,152.50,156.00,3343058
2019-10-24,170.50,171.00,171.50,155.50,156.50,8924049
2019-10-25,175.00,175.50,180.50,173.00,173.50,7971994
2019-10-28,174.00,174.00,182.50,172.50,175.00,4172067
2019-10-29,169.00,169.50,178.50,166.50,176.00,3158828
2019-10-30,175.00,175.50,175.50,170.00,172.00,2084767
2019-10-31,169.00,170.00,178.50,167.50,177.00,4134830
2019-11-01,174.50,175.00,176.00,169.50,171.00,2042586
2019-11-04,172.00,172.50,177.00,172.50,177.00,1468153
2019-11-05,170.50,170.50,175.00,166.50,173.00,2470330
2019-11-06,167.50,167.50,171.50,167.50,170.50,1515315
2019-11-07,169.00,169.50,171.50,164.00,167.50,2255492
2019-11-08,157.00,157.00,171.50,154.50,171.00,4095450
2019-11-11,156.00,156.00,163.50,151.00,157.50,3993525
2019-11-12,161.00,161.00,162.50,150.50,158.50,6278685
2019-11-13,156.00,156.00,161.50,153.00,159.00,4408810
2019-11-14,149.00,149.00,156.00,149.00,154.00,3870698
2019-11-15,145.50,145.50,153.50,145.50,151.00,5469735
2019-11-18,146.50,147.00,151.00,146.00,147.00,3966200
2019-11-19,143.50,143.50,148.50,142.50,147.50,2594560
2019-11-20,144.00,144.00,145.00,140.50,143.50,1911500
2019-11-21,145.00,145.50,146.50,140.00,142.50,3123100
2019-11-22,141.50,141.50,145.50,141.50,145.50,1619080
2019-11-25,142.50,142.50,146.50,142.50,142.50,2163058
2019-11-26,146.50,147.00,147.50,144.00,144.50,2963281
2019-11-27,148.00,148.00,157.50,148.00,150.50,16090307
2019-11-28,143.50,143.50,148.50,143.00,148.00,3650050
2019-11-29,132.00,132.00,145.00,132.00,143.50,7058294
2019-12-02,131.50,131.50,134.50,126.50,130.50,5385189
2019-12-03,132.00,132.50,133.00,129.50,130.50,1672500
2019-12-04,130.00,131.00,132.00,127.50,131.50,2247690
2019-12-05,133.00,133.00,134.50,131.50,132.00,1967430
2019-12-06,134.50,135.00,137.50,132.50,134.00,2338100
2019-12-09,134.00,134.00,135.50,132.00,135.00,1238900
2019-12-10,133.00,133.50,136.00,132.50,134.50,1482420
2019-12-11,138.50,139.00,139.00,133.00,134.00,3662869
2019-12-12,138.50,138.50,140.50,137.50,139.00,2788108
2019-12-13,134.50,134.50,141.00,134.50,139.50,2301800
2019-12-16,135.50,136.00,137.00,134.00,134.00,876100
2019-12-17,139.00,139.50,140.50,135.00,137.00,2223728
2019-12-18,136.50,136.50,139.00,136.50,139.00,1244409
2019-12-19,134.50,134.50,137.50,134.00,136.50,960200
2019-12-20,134.50,135.00,136.50,133.50,135.00,803230
2019-12-23,133.50,133.50,135.50,133.50,135.00,434102
2019-12-24,129.00,129.00,134.50,129.00,133.50,1341630
2019-12-25,133.50,134.00,134.00,128.00,128.50,1445300
2019-12-26,147.00,147.00,147.00,133.50,133.50,7273189
2019-12-27,152.00,152.00,153.50,146.00,148.50,11660440
2019-12-30,155.50,156.00,160.00,151.50,154.00,9704188
2019-12-31,161.50,162.00,165.50,157.50,158.00,13472398
2020-01-02,162.00,162.50,163.50,158.00,162.00,5117977
2020-01-03,156.50,156.50,167.00,155.50,166.00,5414646
2020-01-06,158.50,158.50,162.50,156.00,157.50,4995588
2020-01-07,150.50,150.50,164.00,150.00,162.00,6389307
2020-01-08,151.00,151.00,154.00,147.00,147.00,4045660
2020-01-09,160.50,161.00,163.50,152.00,153.00,7724149
2020-01-10,162.00,162.00,165.50,158.50,161.00,7623703
2020-01-13,167.00,167.00,172.00,162.00,164.50,8784504
2020-01-14,167.50,167.50,173.50,165.50,167.00,6926270
2020-01-15,164.00,164.00,172.00,164.00,168.00,5535444
2020-01-16,167.50,168.00,168.00,161.50,163.50,3679994
2020-01-17,159.50,160.00,172.00,159.50,170.00,7070609
2020-01-20,159.00,159.00,162.50,157.00,162.00,2790735
2020-01-30,NULL,143.50,147.00,143.50,145.00,1891677
2020-01-31,136.00,136.00,141.50,130.00,140.50,4796351
2020-02-03,128.50,128.50,131.00,125.00,127.00,3665004
2020-02-04,135.50,136.00,136.00,129.50,129.50,5396171
2020-02-05,131.00,131.00,136.00,130.50,136.00,3207572
2020-02-06,137.00,137.00,138.00,132.00,132.50,3899730
2020-02-07,130.50,130.50,136.00,130.00,135.00,2845038
2020-02-10,131.50,131.50,133.00,125.50,125.50,2056301
2020-02-11,135.00,135.00,136.00,132.50,132.50,2154710
2020-02-12,140.00,140.00,142.00,134.50,135.00,4300433
2020-02-13,139.50,139.50,143.50,138.00,140.50,3174414
2020-02-14,142.50,142.50,142.50,139.00,140.00,1451828
2020-02-17,140.50,140.50,142.00,139.00,139.50,1145359
2020-02-18,136.00,136.00,141.00,136.00,140.50,1843180
2020-02-19,138.50,139.00,141.00,136.50,137.00,1735980
2020-02-20,139.00,139.00,141.50,138.00,141.50,1683100
2020-02-21,136.00,136.00,140.00,135.00,139.00,1603500
2020-02-24,132.50,132.50,134.00,131.00,131.00,1364210
2020-02-25,134.50,134.50,135.00,129.50,129.50,1625046
2020-02-26,131.50,132.00,133.50,130.50,132.00,1231495
2020-02-27,125.50,125.50,134.50,125.50,134.00,2087580
2020-03-02,126.50,127.50,129.00,121.00,121.00,1327175
2020-03-04,125.00,125.00,129.50,124.50,129.00,1422060
2020-03-05,126.50,126.50,130.00,124.50,128.00,2130160
2020-03-06,123.00,123.00,126.00,123.00,125.00,1475211
2020-03-09,112.00,112.00,118.50,112.00,117.50,3671170
2020-03-10,115.00,115.00,115.00,106.00,112.00,3391019
2020-03-11,111.00,111.00,119.00,110.50,117.50,2157571
2020-03-12,99.90,99.90,109.00,99.90,108.50,3168660
2020-03-13,94.00,94.00,94.40,90.00,90.10,2251320
2020-03-16,87.00,87.00,98.00,86.30,94.60,2134904
2020-03-17,79.20,79.20,87.10,79.20,80.10,2243012
2020-03-18,78.00,78.00,82.70,78.00,81.70,2030400
2020-03-19,NULL,70.20,77.40,70.20,76.40,1639010
2020-03-20,75.30,75.30,77.20,71.70,72.00,2419055
2020-03-23,69.70,69.80,72.50,68.90,70.70,1234360
2020-03-24,76.70,76.70,76.70,73.50,73.50,1147100
2020-03-26,89.90,89.90,90.50,84.60,87.00,4276760
2020-03-27,86.90,86.90,93.40,86.10,92.50,3736740
2020-03-30,86.70,86.70,86.80,81.60,84.00,1908195
2020-03-31,86.60,86.70,89.60,85.90,88.50,1419600
2020-04-01,87.80,87.90,88.40,85.30,86.00,1091380
2020-04-06,90.10,90.10,90.50,88.00,88.40,1630076
2020-04-07,95.10,95.10,97.70,92.00,92.70,3332484
2020-04-08,98.80,98.90,99.80,94.00,94.50,2340147
2020-04-09,95.20,95.20,101.00,95.00,99.00,2769349
2020-04-10,94.70,94.80,96.90,94.30,96.20,1210306
2020-04-13,94.20,94.20,96.50,93.00,95.50,830380
2020-04-14,103.50,103.50,103.50,95.00,95.00,3162402
2020-04-15,104.00,104.50,108.50,103.50,106.50,4332220
2020-04-16,107.00,107.00,108.00,101.50,102.00,2443455
2020-04-17,108.00,108.00,115.00,105.00,112.50,5675369
2020-04-20,107.50,107.50,109.50,106.00,107.00,1769732
2020-04-21,107.00,107.00,111.50,105.50,106.50,2854461
2020-04-22,108.00,108.00,108.50,103.50,105.50,2229276
2020-04-23,107.50,108.00,112.00,107.50,108.50,2799338
2020-04-24,108.00,108.50,108.50,106.50,108.00,982370
2020-04-27,109.50,109.50,114.00,108.50,110.50,4730585
2020-04-28,112.00,112.50,113.00,110.00,112.00,2914630
2020-04-29,112.00,112.00,114.00,112.00,113.50,2333210
2020-04-30,115.00,115.50,117.50,112.00,113.50,4036409
2020-05-04,112.00,112.00,114.00,110.50,111.50,1398244
2020-05-05,112.50,112.50,115.00,111.50,113.50,1394200
2020-05-06,113.00,113.00,116.00,112.50,114.00,2180260
2020-05-07,113.50,114.00,114.50,112.50,113.50,1098250
2020-05-08,113.50,113.50,116.50,113.00,115.50,1485050
2020-05-11,112.50,112.50,114.50,112.00,114.00,1247491
2020-05-12,111.50,111.50,114.50,111.00,113.00,1204061
2020-05-13,110.50,110.50,112.00,109.50,111.00,864180
2020-05-14,102.50,103.00,110.50,102.00,110.00,1463200
2020-05-15,104.00,104.00,106.50,102.50,105.50,1145539
2020-05-18,102.00,102.00,105.00,101.00,103.00,665214
2020-05-19,107.00,107.00,108.00,102.50,104.00,1168841
2020-05-20,107.50,108.00,109.00,106.50,108.50,681290
2020-05-21,111.50,111.50,112.00,108.50,109.50,1246770
2020-05-22,105.00,105.00,111.50,104.50,111.50,1448491
2020-05-25,109.50,110.00,110.00,102.50,106.00,921657
2020-05-26,108.00,108.00,112.50,108.00,111.50,1242004
2020-05-27,106.50,107.00,109.50,106.00,109.00,697230
2020-05-28,105.50,105.50,109.50,104.50,108.50,843100
2020-05-29,106.00,106.50,107.00,104.50,106.00,420400
2020-06-01,109.50,110.00,111.00,106.50,107.50,1368430
2020-06-02,110.00,110.00,115.00,110.00,111.00,3090598
2020-06-03,110.50,111.00,112.50,109.00,111.50,1223250
2020-06-04,111.00,111.00,114.00,111.00,112.50,1333100
2020-06-05,111.50,112.00,113.50,111.50,111.50,1121107
2020-06-08,108.00,108.50,111.50,108.00,111.00,1915300
2020-06-09,108.00,108.00,110.00,107.50,108.50,848030
2020-06-10,107.50,107.50,110.00,107.00,108.00,724000
2020-06-11,103.50,104.00,108.00,103.50,107.00,1008642
2020-06-12,102.00,102.00,102.00,98.50,100.00,1490597
2020-06-15,99.00,99.00,102.50,99.00,101.50,1043100
2020-06-16,101.50,102.00,102.50,99.90,101.00,913741
2020-06-17,101.00,101.00,104.50,100.50,103.00,1176600
2020-06-18,103.50,104.00,104.50,100.00,101.50,1515000
2020-06-19,104.50,105.00,106.50,104.00,104.00,1266215
2020-06-22,103.00,103.00,106.50,103.00,105.00,898550
2020-06-23,103.00,103.00,106.00,103.00,105.00,1285302
2020-06-24,113.00,113.00,113.00,104.00,104.50,5542266
2020-06-29,109.50,109.50,115.00,109.50,112.50,8159016
2020-06-30,110.50,110.50,113.00,110.50,112.00,2197100
2020-07-01,111.00,111.00,114.50,111.00,112.50,2008260
2020-07-02,115.50,116.00,119.50,112.00,112.00,7824154
2020-07-03,117.00,117.00,121.00,116.00,119.00,3897619
2020-07-06,117.50,117.50,119.00,116.50,118.50,2695260
2020-07-07,118.00,118.00,122.50,117.00,119.00,5582710
2020-07-08,129.50,129.50,129.50,120.50,120.50,5181787
2020-07-09,127.50,127.50,136.00,127.50,132.50,7677266
2020-07-10,122.50,122.50,130.50,120.50,129.50,3333643
2020-07-13,128.50,128.50,131.00,125.50,126.00,4136410
2020-07-14,120.50,121.00,126.50,118.00,125.50,3024551
2020-07-15,118.50,118.50,124.50,118.00,123.50,2542533
2020-07-16,117.50,117.50,121.00,116.50,119.50,1431015
2020-07-17,117.00,117.00,122.50,116.50,119.00,2261210
2020-07-20,115.50,116.00,118.00,110.00,117.50,2532301
2020-07-21,117.50,117.50,121.00,117.00,118.00,1562300
2020-07-22,116.00,116.00,118.50,115.50,118.00,1866811
2020-07-23,114.50,114.50,118.00,113.00,116.00,2382010
2020-07-24,113.00,113.00,117.50,112.50,114.50,2172030
2020-07-27,106.00,106.00,114.50,105.00,113.50,3314164
2020-07-28,104.00,104.00,110.00,103.00,106.00,2305619
2020-07-29,106.50,106.50,107.50,104.00,104.50,993000
2020-07-30,109.00,109.50,109.50,106.50,106.50,1433371
2020-07-31,110.50,111.00,111.00,108.00,109.00,972650
2020-08-03,109.50,109.50,112.50,109.50,111.00,862102
2020-08-04,112.00,112.50,113.50,109.50,110.50,1263900
2020-08-05,113.50,113.50,115.00,112.00,113.00,1055700
2020-08-06,114.00,114.00,116.00,113.50,114.50,1224050
2020-08-07,112.00,112.00,114.50,111.50,114.50,932113
2020-08-10,115.00,115.50,119.00,110.00,111.00,4123347
2020-08-11,108.50,108.50,114.50,108.00,114.00,3089720
2020-08-12,109.50,109.50,110.00,106.50,108.50,887000
2020-08-13,107.00,107.00,111.50,106.50,110.50,888439
2020-08-14,108.50,109.00,109.50,106.00,107.00,521590
2020-08-17,110.50,110.50,113.00,108.50,109.00,973410
2020-08-18,108.50,109.00,112.00,108.50,111.50,778373
2020-08-19,106.00,106.00,109.50,105.00,109.00,996035
2020-08-20,98.20,98.30,106.00,96.00,106.00,2080681
2020-08-21,102.50,102.50,103.50,100.00,101.00,1005400
2020-08-24,102.00,102.00,103.00,101.00,102.00,504415
2020-08-25,105.00,105.00,106.00,102.50,102.50,679351
2020-08-26,106.50,107.00,109.00,104.50,105.00,783350
2020-08-27,106.00,106.00,109.50,104.50,109.00,712300
2020-08-28,105.50,106.00,107.00,105.00,106.00,354076
2020-08-31,105.00,105.00,108.00,105.00,106.50,331050
2020-09-01,104.50,105.00,106.00,102.00,105.00,472010
2020-09-02,104.50,104.50,106.50,104.00,106.00,352050
2020-09-03,105.00,105.00,109.50,104.50,106.00,1483200
2020-09-04,103.00,103.50,104.00,101.50,102.00,683111
2020-09-07,102.00,102.00,106.00,102.00,104.00,723200
2020-09-08,101.50,101.50,103.50,101.50,103.50,472051
2020-09-09,101.00,101.00,102.00,99.20,101.50,515000
2020-09-10,99.80,99.80,102.50,99.80,102.00,502200
2020-09-11,99.00,99.00,100.50,98.60,100.50,548000
2020-09-14,101.00,101.50,102.00,99.10,99.10,487131
2020-09-15,101.50,101.50,103.00,101.50,101.50,343550
2020-09-16,103.00,103.50,105.00,102.50,102.50,891300
2020-09-17,105.00,105.50,105.50,102.50,103.50,654575
2020-09-18,103.50,103.50,107.50,103.50,106.50,916293
2020-09-21,101.50,101.50,103.50,101.00,103.50,401400
2020-09-22,100.50,101.00,101.50,99.90,101.50,357700
2020-09-24,97.90,97.90,100.00,97.40,99.90,628000
2020-09-25,93.00,93.10,99.60,90.70,99.60,951500
2020-09-28,95.60,95.70,96.70,93.10,93.60,346641
2020-09-29,96.50,96.50,98.50,96.20,96.50,261050
2020-09-30,97.00,97.00,97.60,95.80,96.50,246100
2020-10-05,98.50,98.50,99.30,97.00,97.00,221469
2020-10-06,99.80,100.00,101.00,99.30,99.30,315100
2020-10-07,100.00,100.00,101.00,99.00,99.90,216108
2020-10-08,101.50,102.00,102.50,99.90,100.50,633500
2020-10-12,100.00,100.50,102.50,100.00,102.00,425300
2020-10-13,101.00,101.00,101.50,100.00,101.00,273000
2020-10-14,102.00,102.00,103.00,101.00,101.50,474470
2020-10-15,101.50,102.00,102.50,101.00,102.00,254000
2020-10-16,99.60,99.90,102.50,99.30,102.00,333012
2020-10-19,101.50,101.50,102.50,100.00,100.00,312200
2020-10-20,100.00,100.00,102.50,100.00,101.50,203253
2020-10-21,100.50,101.00,101.00,100.00,101.00,183100
2020-10-22,99.70,99.80,101.00,98.60,101.00,213000
2020-10-23,100.00,100.00,101.00,99.20,99.80,257120
2020-10-26,99.50,99.50,100.50,99.20,100.50,111200
2020-10-27,98.20,98.20,99.00,98.10,99.00,283000
2020-10-28,95.20,95.20,98.70,94.60,98.20,677000
2020-10-29,94.30,94.40,94.60,92.00,93.90,393430
2020-10-30,91.90,92.00,94.70,92.00,94.50,424090
2020-11-02,90.80,90.80,92.50,90.00,91.10,455075
2020-11-03,94.20,94.30,95.30,92.40,92.80,501300
2020-11-04,93.90,94.00,95.20,93.00,95.20,290750
2020-11-05,94.30,94.30,95.70,94.00,94.50,214458
2020-11-06,95.70,95.80,97.40,94.80,94.80,412620
2020-11-09,96.80,96.90,98.00,95.60,96.90,397449
2020-11-10,96.10,96.20,98.50,95.80,97.20,338291
2020-11-11,105.50,105.50,105.50,99.10,99.50,3250932
2020-11-12,109.00,109.50,110.50,105.50,107.50,7219594
2020-11-13,109.50,110.00,111.00,107.00,107.50,1837850
2020-11-16,109.00,109.50,112.00,108.50,111.00,1806501
2020-11-17,117.50,117.50,120.00,109.50,110.50,7588822
2020-11-18,119.00,119.50,121.50,118.50,119.50,5059337
2020-11-19,117.50,117.50,120.50,115.50,119.00,2828024
2020-11-20,118.50,118.50,124.00,118.00,121.50,4946358
2020-11-23,121.00,121.00,123.50,119.50,120.50,3355108
2020-11-24,118.50,118.50,123.50,117.50,122.00,2729115
2020-11-25,120.50,121.00,121.00,116.00,120.00,2017860
2020-11-26,123.50,124.00,128.00,121.00,125.00,5981368
2020-11-27,121.00,121.00,123.50,120.50,122.50,1580417
2020-11-30,121.50,122.00,122.00,119.00,122.00,1292711
2020-12-01,120.00,120.00,123.50,119.00,123.50,1496276
2020-12-02,120.50,120.50,123.50,120.00,121.00,1819619
2020-12-03,121.50,121.50,125.00,120.50,122.00,3116391
2020-12-04,119.50,119.50,123.50,119.00,122.50,2103910
2020-12-07,127.00,127.50,127.50,121.00,123.50,6499152
2020-12-08,123.50,123.50,127.00,122.50,125.00,4084831
2020-12-09,128.00,128.00,132.50,123.50,124.00,7516892
2020-12-10,124.00,124.00,127.00,123.00,127.00,2964066
2020-12-11,121.50,121.50,126.00,118.50,125.00,2567561
2020-12-14,120.50,120.50,123.50,120.50,121.50,1093767
2020-12-15,117.50,117.50,122.50,117.50,121.00,1824174
2020-12-16,119.50,119.50,122.00,118.50,119.50,1363432
2020-12-17,120.00,120.50,121.00,117.50,119.50,1239911
2020-12-18,118.00,118.50,121.50,117.50,121.00,1244637
2020-12-22,115.00,115.00,120.00,114.50,116.00,1774911
2020-12-23,120.50,120.50,123.00,115.00,116.00,3579326
2020-12-24,125.50,126.00,127.00,121.00,122.00,5967824
2020-12-25,128.00,128.50,129.00,124.00,126.50,5574595
2020-12-28,127.50,127.50,131.00,127.00,129.50,4064405
2020-12-29,126.50,126.50,131.50,126.50,128.00,3945851
2020-12-30,130.00,130.50,131.50,126.50,127.50,3478446
2020-12-31,129.50,130.00,133.50,128.50,130.50,4195129
2021-01-04,135.50,136.00,137.50,131.00,131.50,8006522
2021-01-05,136.00,136.00,138.50,133.50,135.50,4254600
